frame,center_x,center_y,radius,num_points,fitting_error
0,-3.7341676635819465,-1.7374624219333228,0.015891481416084458,10,0.02277477348689326
0,-3.634326923489056,1.3834368260773662,0.016702075275460943,10,0.0
1,-3.675402853838694,-1.7485510839117198,0.01514729118331163,16,0.04149949665961552
1,-3.6374529782587826,1.3846267202210492,0.014428404800919621,10,0.0
3,-3.750674255736286,-1.7593666732498656,0.015577095163894496,9,0.0
4,-3.651201551809301,-1.759572530497512,0.017513776091632578,16,0.0
5,-3.788238398832266,1.3667972086217333,0.01524306494975624,5,0.0
6,-3.669582507314286,1.3643530236555468,0.014513132772183952,10,0.0
7,-3.7579691524291103,-1.762377925243544,0.015907284238379234,12,0.016606733700550214
8,-3.6717960210967466,1.3630436775982073,0.015731344030158776,10,0.0
11,-3.657979584911329,-1.7628376046944256,0.015113151915545074,16,0.0
11,-3.6690576743963756,1.3663767855669848,0.01631339741095985,10,0.0
12,-3.7551890715850034,-1.7848925104761695,0.014461591803291278,13,0.0
14,-3.7540625605139737,-1.758989339092745,0.017244453390878538,10,0.0
16,-3.7497537605487823,-1.7748200256764546,0.016559611124729638,13,0.020782868278400188
17,-3.6712302822905785,1.3675527672689958,0.016856421540554466,10,0.001300850084711121
19,-3.7523445074454305,-1.7677654253475787,0.015232050453827195,13,0.018986332605805657
21,-3.7506409111052026,-1.769633096059711,0.015119842187236466,13,0.020305720401843596
22,-3.648014597709484,-1.757917587010672,0.015863391712812737,16,0.027953490413990395
23,-3.648751820943899,-1.7567599082772598,0.017080358829164248,16,0.005430622718784493
24,-3.6630185916997995,-1.7565184154159674,0.015890383216650737,16,0.0
26,-3.753718653389945,-1.7606147363522031,0.01594795474403606,12,0.0039044831998437807
27,-3.72566836098947,-1.7530648988510145,0.014669365356292506,10,0.0
27,-3.672762666832748,1.3655363441305788,0.016835021669524042,10,0.0
28,-3.7587852945303,-1.771809661891051,0.016751078102582473,12,0.018039192683060215
28,-3.7920483863068393,1.3661579478561845,0.015496933360131136,5,0.0
29,-3.756451743845668,-1.7529860301475166,0.016174408407575273,12,0.003814861384883391
31,-3.6518587973949033,-1.759887217322515,0.016277886453935266,16,0.0
31,-3.658121140019417,1.363099216844799,0.015080452059997182,11,0.020597309528284913
32,-3.7499645404271704,-1.7724518654026864,0.015741477124387265,13,0.02033039234385108
34,-3.7348146206169712,-1.7358504492047044,0.01467670969725719,9,0.0
37,-3.7213281304759582,-1.7490964404101166,0.01757286923616507,10,0.0
38,-3.7569624275568585,-1.7653239260995754,0.01581534472146628,12,0.017174906904773208
38,-3.6164450653771567,-1.7601445734729038,0.01747645791484141,4,0.0
41,-3.748382257440012,-1.766083839714764,0.015330644243994319,13,0.020557034365435524
42,-3.7574928565086108,-1.764130414865868,0.016354113798160857,12,0.01811006700963555
43,-3.7507869370496283,-1.7674534524259888,0.017359009655855382,9,0.0
44,-3.75308091332932,-1.7595778833985047,0.016212057721897287,9,0.0
44,-3.63339717305837,1.3830844640038296,0.016696518512518424,9,0.0
45,-3.757194141760865,-1.7526243724822046,0.01689427822368853,13,0.0
46,-3.7229991983610415,-1.7498811481399008,0.01674986190238142,10,0.0
46,-3.649765436196173,1.3704224309607511,0.016744658417529427,11,0.032565905280536926
47,-3.719597538154564,-1.7571002729935925,0.016749747138085223,11,0.0
48,-3.755802877870979,-1.7610840716837688,0.015839092648574856,13,0.01641452609229629
48,-3.6108389390345508,-1.7660874460988765,0.017054606729992414,3,0.0
49,-3.74172076474785,-1.7471216269439975,0.014996046012166466,10,0.021147933830928306
50,-3.755256872133627,-1.7708405443558446,0.015058751279906052,13,0.016104705275372486
52,-3.7245709722975735,-1.7528378454564557,0.01670419497484367,10,0.0
54,-3.749452779380041,-1.7587707259285912,0.015268870937533149,9,0.0
54,-3.6742001599861163,1.3660721525794657,0.017355834233071674,10,0.0
55,-3.6882379104916723,-1.756067943284985,0.01560708869510253,16,0.04735262946071329
56,-3.736735800843505,-1.7504823911606284,0.016117502351047686,13,0.0173507090667834
56,-3.6157218246911094,-1.7684763105875982,0.017480756720748246,4,0.0
58,-3.7228302651191356,-1.7521390712493015,0.017558534048095518,10,0.0
58,-3.80786996329918,1.390600769920925,0.01535319403988613,6,0.0
59,-3.752171409021071,-1.7591517757210864,0.01620749722625292,10,0.0
61,-3.718139129766392,-1.7608264037346435,0.016991028027346186,11,0.0
61,-3.6617813929101652,1.3776473814732075,0.016791378755137365,11,0.0
61,-3.790349079680308,1.3614288265788639,0.016668913212609535,5,0.0
62,-3.750807441285089,-1.7602062371667049,0.014795058710041076,12,0.0
64,-3.751420491455285,-1.7716953515358145,0.016046456217782282,13,0.025061118418595093
64,-3.632560820668084,1.3908395200239303,0.016711646046817824,10,0.0
65,-3.7565210022071778,-1.7700217553750501,0.015497229778853419,12,0.016175444091026718
66,-3.6402399937550376,1.385687776442759,0.014446591215033564,9,0.0
67,-3.634326923489056,1.3834368260773662,0.016702075275460943,9,0.0
68,-3.65171624161667,-1.7598206766828781,0.017096892789143756,16,0.0
69,-3.67777703216505,-1.7498107398647758,0.015220549568015341,16,0.039454543866307014
69,-3.6352576732000794,1.3837908859551358,0.01670641343267804,9,0.0
70,-3.724953771309082,-1.7463913494831145,0.016979903822300677,11,0.0
71,-3.6219574139476944,-1.7454797169261267,0.017056178754010585,6,0.0
72,-3.6329010203374033,-1.756534208871536,0.017076199535034517,16,0.02241691811690687
73,-3.75566164072274,-1.7649878643858896,0.015894881683504888,12,0.016910854986757314
73,-3.6173455225314695,-1.7605836649675606,0.017478124660174066,4,0.0
73,-3.636524294186632,1.3842733727692516,0.014421957412312454,9,0.0
74,-3.6352576732000794,1.3837908859551358,0.01670641343267804,9,0.0
75,-3.740074101008807,-1.722603403843152,0.015806941221680932,10,0.0
76,-3.7260052563887016,-1.742478481975978,0.0171588026087583,9,0.0
77,-3.7520356852464047,-1.7590881423383773,0.01607736254926694,9,0.0
77,-3.6629723294221277,1.3801201297947185,0.016084094828699734,9,0.018419896994909334
80,-3.648686426304396,1.3777908015449913,0.016201548032258043,9,0.02107788618512486
81,-3.753401585554066,-1.7604649695933405,0.015521533179610896,10,0.002842596208874555
82,-3.6672715567324112,1.3715969064487694,0.01680735994974337,9,0.0
83,-3.636524294186632,1.3842733727692516,0.014421957412312454,9,0.0
84,-3.659073661050489,-1.7633647603168785,0.016288997530335067,16,0.0
85,-3.724944604302004,-1.7507971370824054,0.01757673620644482,10,0.0
86,-3.665080049453337,1.38102375899899,0.0157386229642388,10,0.0
86,-3.790439403834373,1.3645745810539491,0.01592925748272031,5,0.0033758245820303904
87,-3.756923050174607,-1.7705394231557592,0.01599542018853178,12,0.016596969429486897
88,-3.755586252456464,-1.7518745671376457,0.017091686930289965,9,0.0
89,-3.6550942992073154,-1.761447891633674,0.015883757663389047,16,0.0
90,-3.7240788231206365,-1.7525463687873302,0.016283236217862915,10,0.0
90,-3.634326923489056,1.3834368260773662,0.016702075275460943,9,0.0
91,-3.7503582009204237,-1.7591937206570984,0.015269450092608694,9,0.0
92,-3.6476049517341345,1.3803664311983828,0.01674311885145616,9,0.01813540594350015
93,-3.7540093712170415,-1.7589683376006036,0.017193864381442128,13,0.0
94,-3.6583374967400903,-1.763010056342019,0.01549715812618879,16,0.0
94,-3.6374529782587826,1.3846267202210492,0.014428404800919621,10,0.0
97,-3.7530867402689947,-1.7676409905970125,0.015656439952850522,12,0.01973052493101487
99,-3.6508598470606346,1.381603662140499,0.014473033831994317,10,0.016474555913476997
100,-3.6502719961576044,1.3733016036553873,0.015309612070980383,10,0.01628155553378861
102,-3.7524432014873734,-1.7418897744066602,0.015831450922449707,9,0.019945848537273346
103,-3.751331118639725,-1.7596556784505926,0.015336426541831299,10,0.0
105,-3.7490249135559948,-1.766183574049779,0.014961997913525527,13,0.0198930625070171
105,-3.6467887748511387,1.3881516491709867,0.016753797527293078,10,0.018117528382287827
106,-3.756087155184799,-1.770887589704764,0.014686249960274355,12,0.01527825896040401
106,-3.6151585465551834,-1.7595176725718145,0.017055711895970337,4,0.0
108,-3.758065690272384,-1.7863149031482166,0.01613406409893415,12,0.0
108,-3.631543143783231,1.38237723108682,0.01668032074729707,9,0.0
110,-3.7214172548358104,-1.7642039831136247,0.016664628755947455,11,0.0
111,-3.721857873372863,-1.75156270658666,0.01670138214724593,10,0.0
112,-3.7569246905105143,-1.7705711455740716,0.016110549837629842,13,0.01919286836708157
112,-3.7897012648937287,1.36509753947606,0.017029586813213225,5,0.0
113,-3.659173457349784,-1.7517572601644151,0.015103651419851935,16,0.019968599745493983
114,-3.754089592144085,-1.7600768766943582,0.017210135042529214,10,0.0
115,-3.7503624479836,-1.759196044749478,0.015273568889680787,9,0.0
116,-3.634642337950381,-1.7342484876080542,0.016650896432268494,8,0.0
117,-3.7517431803503687,-1.7601951423114217,0.015751401307467196,10,0.00265229518561407
118,-3.7566925771352455,-1.7702603324370632,0.015732469432636308,12,0.01665497574942207
118,-3.788304359699104,1.3648073301032975,0.015476698125900403,5,0.0
119,-3.76108015898103,-1.7731296624444892,0.01576514059656376,12,0.01828969974400005
120,-3.6690576743963756,1.3663767855669848,0.01631339741095985,10,0.0
121,-3.7473643177156064,-1.7683947263668456,0.016619296441325357,13,0.01494575366510715
121,-3.670873862215656,1.3648350810409982,0.01682004886352966,10,0.0
122,-3.7551627896472004,-1.7690948603608256,0.015795667525289676,13,0.017909666103252585
124,-3.754495402322719,-1.7606062000267293,0.0158055730926906,10,0.0
125,-3.6383812474351283,1.3849815570499526,0.014435119248857585,9,0.0
126,-3.7235225047628715,-1.7501278448553281,0.01716023275493447,10,0.0
127,-3.7110342207449767,-1.7563117269405748,0.01617301608085403,13,0.02246544950373569
129,-3.6584803798760435,1.3905993604765152,0.016081087544971527,10,0.013248949041576231
130,-3.7214039151966887,-1.757954616768109,0.016752051273928998,12,0.0
131,-3.756391357029512,-1.7525283510390264,0.016098997740678578,13,0.0
132,-3.7538874570183967,-1.7599573843587504,0.01611864774005342,9,0.0
138,-3.724648919295868,-1.7506572736631378,0.015952658887084206,10,0.0
139,-3.7558560140033244,-1.7745182727019995,0.015542268762532459,13,0.018362424733310328
140,-3.7571064655740622,-1.7694702082714295,0.01662149264286472,12,0.017973124261123415
142,-3.65977508648403,-1.7520448226070826,0.015360688628356572,16,0.020321235445580958
142,-3.646768303848741,1.3882030739782407,0.016756502194215657,10,0.022924644943834314
143,-3.6352576732000794,1.3837908859551358,0.01670641343267804,9,0.0
144,-3.6352576732000794,1.3837908859551358,0.01670641343267804,9,0.0
147,-3.6523891811187488,-1.7601461397231937,0.015880365991142474,16,0.0
148,-3.6699260732788717,1.3644813948039969,0.016808746391826678,10,0.0
149,-3.6768690165151603,-1.7528840237537133,0.015016856652270908,13,0.001760092839506018
149,-3.8096133434741426,1.3828676417368275,0.015345667845928427,6,0.0
151,-3.7529872275362233,-1.7584986966880902,0.017082186553398677,10,0.0
153,-3.6699950019797076,1.3667227560906237,0.01631296142695053,10,0.0
154,-3.724755626119676,-1.744052850291163,0.016279306623319525,9,0.0
154,-3.667262138620907,1.369460573565162,0.015720877226755508,10,0.0
154,-3.7918551470650605,1.3657988976288333,0.01588112331836262,5,0.0
155,-3.7503582009204237,-1.7591937206570984,0.015269450092608694,9,0.0
155,-3.652123902601911,1.3790933459087835,0.015080126221477794,9,0.02027587328057195
156,-3.7546071403494743,-1.7688187737683645,0.01589565732846316,12,0.017600629151735117
157,-3.6600535271112093,-1.7545956274122283,0.016167038955905377,16,0.02699901586617337
157,-3.6499848294530324,1.3820560636101384,0.015396890457894651,10,0.019973975524641134
157,-3.816998241535409,1.3729902273881887,0.016424661338043305,5,0.0
158,-3.722175787083061,-1.7515390193529277,0.015455262415439664,10,0.0
158,-3.6513675777832324,1.3817795962383537,0.01557670014579312,9,0.019173008690326385
159,-3.718520598700124,-1.7589327645367523,0.017556931842331574,11,0.0
159,-3.6374529782587826,1.3846267202210492,0.014428404800919621,9,0.0
162,-3.6663175354349344,1.3691066689083606,0.015712330053093033,10,0.0
164,-3.752833224371323,-1.768389633176008,0.016307461499375345,12,0.017557660371546234
164,-3.6169581408568,-1.7603951026267666,0.01705833703419953,4,0.0
164,-3.667824158269135,1.3657336733871004,0.01595467609652122,9,0.0
166,-3.7527593813056033,-1.767953393958209,0.015464886425897509,13,0.01832986546396452
169,-3.754301874851058,-1.7691124895970183,0.015592200082771738,12,0.016698190578973326
170,-3.758099369306811,-1.7656900267145963,0.015721318173156272,12,0.017003196681340413
170,-3.6151585465551834,-1.7595176725718145,0.017055711895970337,4,0.0
171,-3.748606921316187,-1.7662048707130171,0.015999645438051345,13,0.016034693844414808
172,-3.723903641435923,-1.7503069838209477,0.016751027573391027,10,0.0
172,-3.636524294186632,1.3842733727692516,0.014421957412312454,9,0.0
173,-3.680482154517235,-1.758733256962239,0.01618306741151409,13,0.0
174,-3.7574780356192172,-1.7515466663371166,0.017193385005981054,9,0.0004055940408728318
178,-3.7272250439475436,-1.749211946626431,0.01514805685513189,16,0.0
179,-3.7202825996585376,-1.7469389960103339,0.016564609665717475,16,0.0407376027875728
180,-3.74147235285925,-1.7526918173436274,0.017073325219112867,16,0.01764860824072586
180,-3.666879426473098,1.3653818654828358,0.015946500097136496,9,0.0
182,-3.7262942151658835,-1.7535309723368702,0.015870301118905392,10,0.0
185,-3.721163383355551,-1.760061051293049,0.016704005235133063,11,0.0
186,-3.7450980494144535,-1.7699561711772909,0.01703849818321812,12,0.0
187,-3.7115989493306802,-1.7530748804653706,0.016435870954129243,16,0.054538995677607886
189,-3.653137780962286,-1.7605069695145705,0.016686965106712633,17,0.0
190,-3.7324696445224275,-1.7343818852359507,0.01735344140019811,10,0.0
191,-3.7522917484871727,-1.7592081962509796,0.016323164741379435,13,0.0
191,-3.631543143783231,1.38237723108682,0.01668032074729707,9,0.0
192,-3.719070142369983,-1.75685105047582,0.016345844089492977,11,0.0
193,-3.7583013668795253,-1.7709082472703703,0.01731202974493437,12,0.018689539065681833
194,-3.6505852751443375,-1.7592756325997485,0.015877417183846436,16,0.0
194,-3.669347003396598,1.3668522023153944,0.016846543154244935,10,0.001297891491917032
196,-3.727109885457189,-1.7406591689783675,0.01755659963318119,11,0.0
197,-3.7306780149220926,-1.733547633070815,0.017330087131275904,11,0.0
198,-3.6900577987721057,-1.7450781249124692,0.01623188664816217,16,0.055543962743233206
199,-3.7287500952180923,-1.7404285503672288,0.017535923775644578,11,0.0
199,-3.6636577489328968,1.37621873350005,0.015715954147811528,9,0.0
200,-3.6876811135191963,-1.753761726177351,0.015557075285080501,16,0.04399784825228637
200,-3.6346873244286257,1.3733883315459932,0.015598535344927592,10,0.0
200,-3.8115051565267275,1.3835549683328958,0.015358728520722923,5,0.0
201,-3.6718152803537785,1.3651831128283651,0.01682430550449823,9,0.0
202,-3.670285019863285,1.3671993253938681,0.01684738464830697,10,0.001301010408178425
203,-3.756525704550615,-1.7651570183405483,0.015642453738506066,12,0.01660447910319152
203,-3.6513014957382275,1.3495021593281569,0.016727563712058028,11,0.0
204,-3.752239956036848,-1.7600820774039125,0.015340289263447363,9,0.0
205,-3.7464427255135897,-1.768340692303349,0.015797148811792266,12,0.016095593363612
205,-3.6673862595865083,1.3736634990062346,0.015938973971836624,10,0.013882651852095869
205,-3.788304359699104,1.3648073301032975,0.015476698125900403,5,0.0
206,-3.6585559244478048,1.3771613294318263,0.016393893074964288,9,0.017312480434472897
207,-3.7231743977208724,-1.7521241885493948,0.016281547362748647,10,0.0
208,-3.7247059445818316,-1.754972720618333,0.016554263245667385,10,0.0
208,-3.6374529782587826,1.3846267202210492,0.014428404800919621,9,0.0
209,-3.7582046907491966,-1.7533781033728408,0.016102274076156407,12,0.0
209,-3.665752316972757,1.3765171011449582,0.01636443094325595,9,0.002673147886779351
210,-3.751775351113356,-1.7674850203067547,0.015037186145925818,12,0.019500167620888166
210,-3.636617524073335,1.3923915894439443,0.014439699190595432,10,0.0
211,-3.7468994337569317,-1.770812303600339,0.017042936476608483,12,0.0
211,-3.637109535759186,1.3844962944166648,0.01672486931067489,10,0.0
212,-3.693313857605107,-1.7521545594927836,0.016033286789366552,13,0.033811701984045976
213,-3.750648209252307,-1.767318925739854,0.015700171300298563,13,0.018860610161168363
214,-3.7470206238477575,-1.7745217593783018,0.014955834915992661,12,0.017689643417366334
214,-3.634326923489056,1.3834368260773662,0.016702075275460943,9,0.0
215,-3.7229991983610415,-1.7498811481399008,0.01674986190238142,10,0.0
215,-3.6915555144660637,1.3562446160373787,0.017153202313573156,11,0.021649377891717284
216,-3.7517390551892573,-1.7668721357262491,0.01632392126943468,13,0.021243151635656956
217,-3.7216087863412204,-1.7580496005033674,0.01556457790035454,12,0.0
219,-3.629787513115485,1.3897758516500087,0.016682358009512874,10,0.0
221,-3.726003747521961,-1.7505868747383921,0.01607084458655699,10,0.0042169964167819395
221,-3.649922947223187,1.381249970496445,0.014465223673542655,9,0.01646532157059156
222,-3.650182790335646,1.3803290784065363,0.01518855259938809,9,0.018369385698804717
224,-3.7549707904574645,-1.7594158895037801,0.017248599162570055,9,0.0
225,-3.7244857986354423,-1.7526791300405389,0.0158688848006881,10,0.0
226,-3.6558432586787974,-1.7618088001899412,0.016690675503504268,16,0.0
227,-3.6592279986385394,1.392915288106717,0.016807907569016987,10,0.0
228,-3.7591797057315337,-1.7714074104523956,0.01653487336073506,12,0.017915804983275635
228,-3.6164450653771567,-1.7601445734729038,0.01747645791484141,4,0.0
228,-3.656407198178239,1.3918431582761186,0.0167899829436986,9,0.0
229,-3.750482785305322,-1.756353255546314,0.016106347708860665,12,0.02874881057995341
230,-3.6577552583195243,1.3770803160703418,0.01697303154397981,10,0.023102434529772557
231,-3.722975142007442,-1.7517995675953413,0.014645322470160486,16,0.0
231,-3.63896742125146,1.3852030376578823,0.016737312160484387,9,0.0
232,-3.75135616068508,-1.7568067718537463,0.016183434725766794,12,0.02759429981851059
232,-3.620176403158065,-1.7619606434587742,0.01664953028864286,4,0.0
232,-3.7948573653954596,1.3547446327962196,0.01667839917467794,6,0.0
233,-3.705697503433451,-1.7559449567986007,0.016710565933091732,13,0.02145915065799634
233,-3.7907561802872505,1.363551335421348,0.017332724596402137,5,0.0
234,-3.7574691293797584,-1.7517047827165508,0.017245474059224913,9,0.0
236,-3.63339717305837,1.3830844640038296,0.016696518512518424,9,0.0
237,-3.7558503760697173,-1.7694692004666117,0.015395049809922946,13,0.01613226579040288
238,-3.7179283226727464,-1.7563116738970377,0.01757288848105094,11,0.0
239,-3.6727470017306265,1.3633968001670091,0.015745237598094052,10,0.0
240,-3.7547013160225178,-1.7688172581269335,0.01601014847315259,12,0.017033167189723752
240,-3.615545505512443,-1.759705999246441,0.017475035276451133,4,0.0
241,-3.749385120319048,-1.7589980406192183,0.0155743325241826,13,0.003299939484287681
242,-3.7228282069150755,-1.7474639396567064,0.017549079155044566,11,0.0
243,-3.750529689623539,-1.759287563289338,0.01543609310293544,9,0.0
243,-3.6672715567324112,1.3715969064487694,0.01680735994974337,9,0.0
244,-3.7554056638793702,-1.7616361324704308,0.015923337057351005,13,0.016051177734895974
244,-3.668217677690313,1.3719508704444385,0.016817705540446246,10,0.0
245,-3.6813993352229795,-1.7536526485100914,0.015124969084016962,16,0.0354877805426509
249,-3.7125893352614603,-1.7638514765643578,0.016094301209987012,13,0.023229996984480784
249,-3.635688466863555,1.3920367209949118,0.014434668103648353,10,0.0
252,-3.727623854231442,-1.741127684961145,0.01592918176161338,16,0.0
253,-3.72834039249918,-1.7514940412832924,0.015512788337154023,13,0.0
254,-3.692293075559978,1.3565157859956258,0.016946254244254673,11,0.021585037111745774
255,-3.723150188542993,-1.7476673958086175,0.017178636500645363,10,0.0
256,-3.655273776945525,-1.7615354275300816,0.015108950517133908,16,0.0
257,-3.7503624479836,-1.759196044749478,0.015273568889680787,9,0.0
260,-3.7402096959827738,-1.757893067404362,0.01672348973101961,10,0.02307907026557215
264,-3.749077350770966,-1.768596268304794,0.01729092669360861,12,0.015135052921159
266,-3.8216612106162575,1.372676942978091,0.016810931711767917,6,0.0
267,-3.722170542415262,-1.7623690355477573,0.015690436163743264,11,0.0
267,-3.7886371543727506,1.3691187264027536,0.016673185854915975,5,0.0
268,-3.7231743977208724,-1.7521241885493948,0.016281547362748647,10,0.0
270,-3.7561868611168343,-1.7699105749777786,0.015153778799169949,13,0.0159099375248759
271,-3.656745503579989,-1.7622447310246967,0.016692088361805885,16,0.0
271,-3.669582507314286,1.3643530236555468,0.014513132772183952,11,0.0
272,-3.6216199443200203,-1.7539853653678414,0.01747302370712689,7,0.009494204586935279
273,-3.619145496956271,-1.7614597421171698,0.01748081228598221,16,0.0
274,-3.693029985842021,-1.7533208315875664,0.017556501748948926,13,0.0
275,-3.727156687898402,-1.7487205319481778,0.01605630301974785,11,0.021907608784533298
276,-3.7569113568039807,-1.7661861730546053,0.016626119400627172,12,0.018406024198588045
276,-3.620945958243477,-1.7623351881413718,0.017482857226594085,4,0.0
278,-3.753635652779191,-1.7598379366288082,0.016747382024116082,9,0.0
279,-3.6513340652179656,-1.7596364952857086,0.016684210396055346,16,0.0
279,-3.8184964760919238,1.3755173399271032,0.016794276100682428,6,0.0
281,-3.7266194529756653,-1.7492745317729577,0.01735248084413513,10,0.0
281,-3.6352576732000794,1.3837908859551358,0.01670641343267804,9,0.0
282,-3.7283975480434925,-1.7448215744439428,0.015943747317519193,9,0.003882415439002612
282,-3.6504767767265607,1.3763377406986943,0.015059521774669347,9,0.022525678972842682
283,-3.7407171149925404,-1.7876559227498918,0.014627679696552631,12,0.0
283,-3.6352576732000794,1.3837908859551358,0.01670641343267804,9,0.0
284,-3.7580752275480958,-1.7652610250283427,0.015796199194119506,12,0.018002195406084064
284,-3.6352576732000794,1.3837908859551358,0.01670641343267804,9,0.0
285,-3.7267451448288753,-1.7472320845349851,0.017000277242412917,11,0.0
287,-3.721857873372863,-1.75156270658666,0.01670138214724593,10,0.0
288,-3.7231366052821677,-1.7499464673108032,0.017575125814342216,16,0.0
290,-3.7335597603770365,-1.7448600765608129,0.014727065230366754,11,0.0
292,-3.7260382422188743,-1.751647565711032,0.0162517805857195,10,0.0026255968489531066
292,-3.6494343213041387,1.3488092448849172,0.016719046742473452,11,0.0
294,-3.6679984910385355,1.3658358844726202,0.01609499647403551,10,0.0
296,-3.7186099086696074,-1.7548877250697323,0.01618380966958713,13,0.021346896288966303
297,-3.752071873683593,-1.7591051090981011,0.01611202716079047,9,0.0
297,-3.667001426754918,1.3673176981930009,0.016532672457337638,10,0.002247146288644535
300,-3.747330077388125,-1.7687278668242077,0.01700627960683225,12,0.016836886560767518
301,-3.721926656944184,-1.7582011844223722,0.017162600194903368,11,0.0
301,-3.6368723120020063,1.3703949510424978,0.015610381041006993,9,0.0
302,-3.7296516731113063,-1.7408493970611587,0.017541302548747494,11,0.0
302,-3.669158967247716,1.372303387369212,0.01682322369450906,10,0.0
303,-3.754660968975908,-1.755877542251741,0.014512951266355807,12,0.0
304,-3.725538042486487,-1.744565018186213,0.01733077236200303,11,0.0
304,-3.656354324169113,1.3803647357613074,0.015495758050842898,9,0.017897922144240793
309,-3.7438149288046785,-1.7710029608236517,0.01623624005599568,13,0.018847701485883012
309,-3.8058283102418575,1.381492004125003,0.015318147359898985,5,0.0
310,-3.7519704054252276,-1.7850164535713633,0.015787951388269182,13,0.0024523722377455485
311,-3.750905815682339,-1.7585583280814392,0.016731610907458762,10,0.0
313,-3.7229991983610415,-1.7498811481399008,0.01674986190238142,10,0.0
313,-3.673708663097389,1.3658893650527226,0.016844461301076856,11,0.0
314,-3.7542957162461463,-1.7656384546400474,0.016553885255469185,12,0.019246861013950806
314,-3.616058142940571,-1.7599562630973054,0.017057178043884676,4,0.0
315,-3.7261538255607416,-1.744764454308001,0.016701988462947126,9,0.0
317,-3.7503024401174576,-1.7635906889925779,0.01603472532251569,9,0.005671544698921663
318,-3.7312177820792307,-1.7429508511996057,0.014930479374496756,16,0.0
319,-3.7582103284749024,-1.7520634787376446,0.01709015288894818,13,0.0
321,-3.7572982094995035,-1.7529528957244465,0.01610087639331468,12,0.0
321,-3.7903645456313138,1.3644287426731831,0.01698604792271564,5,0.0
322,-3.75283250050517,-1.76242745429595,0.015702567156675767,13,0.017837557718630576
322,-3.6324700265454117,1.3827317754363855,0.016688425554210164,9,0.0
323,-3.723903641435923,-1.7503069838209477,0.016751027573391027,10,0.0
324,-3.7540093712170415,-1.7589683376006036,0.017193864381442128,13,0.0
325,-3.6879058121095216,-1.7562737909764288,0.016804581999157322,16,0.03925096937792576
325,-3.665080049453337,1.38102375899899,0.0157386229642388,10,0.0
326,-3.7235225047628715,-1.7501278448553281,0.01716023275493447,10,0.0
326,-3.6639591868528405,1.3746960743532828,0.016364331675335783,9,0.0024707623865648986
327,-3.651671001991179,1.3748054113550077,0.014652921401523827,10,0.024845633208002448
329,-3.6489599842761242,-1.7584922684751099,0.015098687066223259,16,0.0
329,-3.6663297254681106,1.3712454093981787,0.016802505140897702,10,0.0
330,-3.7240405997485624,-1.7503705981723556,0.017576290032878413,10,0.0
331,-3.7206719004873237,-1.7597681607362357,0.016283210682309597,11,0.0
331,-3.631543143783231,1.38237723108682,0.01668032074729707,9,0.0
332,-3.6895227043553964,-1.7581195181924707,0.017101566583961562,13,0.0
333,-3.6883056368003926,-1.7540568095405122,0.01574815800119296,16,0.04396169801908312
333,-3.672762666832748,1.3655363441305788,0.016835021669524042,10,0.0
334,-3.7575162353116247,-1.7746767064299565,0.016487198675701153,13,0.018915816387643537
336,-3.677103164874441,-1.7509779950724922,0.016234934357950172,16,0.04640102473134765
336,-3.6352576732000794,1.3837908859551358,0.01670641343267804,9,0.0
337,-3.753746633754856,-1.7633039733191802,0.015504888285842842,12,0.018885290570727787
338,-3.674329171090008,1.3661177937043103,0.016515121366137506,10,0.0
338,-3.792790133517151,1.3661358825410348,0.015886858975855445,5,0.0
339,-3.6494343213041387,1.3488092448849172,0.016719046742473452,11,0.0
341,-3.686586210534074,-1.7557653087480838,0.016293130489183277,16,0.04705953024468964
342,-3.6629158541718483,-1.7548084846731378,0.017044390326963605,16,0.04712621569085115
343,-3.7563914828628517,-1.7512152509340477,0.01708227048827233,10,0.0
344,-3.751170917135258,-1.7589581027102639,0.016094611719240117,9,0.0
344,-3.6355936309313948,1.383920470998844,0.014417436212195453,9,0.0
345,-3.657356550612052,-1.748767948366697,0.017438416185499326,16,0.060411498068768194
346,-3.753812885181379,-1.7631402177756375,0.015745365973752652,12,0.017514015411640403
349,-3.7483312232864523,-1.7832789744150004,0.01594393212504185,12,0.003909842118076154
350,-3.7516182636064483,-1.7578226803249386,0.01750101049633844,10,0.0
351,-3.75050423664202,-1.7632027416801532,0.016161621577434577,10,0.004501265884531421
351,-3.7897012648937287,1.36509753947606,0.017029586813213225,5,0.0
352,-3.6685949208197415,1.3680375238801665,0.015369395145956198,9,0.0
353,-3.7550642814510735,-1.7605091905653463,0.017258414006562934,10,0.0
354,-3.7581015782194616,-1.7530481669942999,0.0168967802021837,13,0.0
355,-3.7529193216932932,-1.7584718800202492,0.01701777245136283,9,0.0
355,-3.6554146349693,1.380010772707892,0.015487444436455463,10,0.017889880643486365
356,-3.758458759364026,-1.7510999472493396,0.01747217416789781,10,0.0
357,-3.7921274474880025,1.3673028236990175,0.015425603464866846,5,0.0013044927116583121
358,-3.652619308214798,1.3752604205415633,0.016515840820996025,10,0.02552444456619219
359,-3.6504123465321245,1.3814282779015725,0.016766233026583827,9,0.01815812896998491
360,-3.6352576732000794,1.3837908859551358,0.01670641343267804,9,0.0
361,-3.7569821255606333,-1.7534552815995914,0.015759390741453595,13,0.0
362,-3.7299922951245814,-1.739886583925757,0.01717140500568526,16,0.0
363,-3.758726472177314,-1.783613642838928,0.015327913909432524,13,0.02763495935638621
363,-3.707560752390313,1.3539675329233143,0.01737527603973556,11,0.0
364,-3.6324700265454117,1.3827317754363855,0.016688425554210164,10,0.0
365,-3.634326923489056,1.3834368260773662,0.016702075275460943,10,0.0
366,-3.752171409021071,-1.7591517757210864,0.01620749722625292,10,0.0
367,-3.7561313089697292,-1.7521293144728352,0.01674199702740948,9,0.0
371,-3.718831235645985,-1.7567382786279244,0.01757382443638604,11,0.0
372,-3.6510715026993537,-1.7616934020102057,0.0160740671284693,16,0.0036543018856354014
372,-3.6503199371142636,1.381160389839859,0.014852850690934494,9,0.017339519135646058
373,-3.7278489982020373,-1.7400079990598125,0.017530096530689182,16,0.0
374,-3.727144217021374,-1.7500920711504317,0.01546484432944613,16,0.0
375,-3.7053482182244073,-1.749232656234323,0.01517392936403136,13,0.0321097118286781
376,-3.7570021089778933,-1.769094323492248,0.01580606612076265,12,0.018311470008046945
377,-3.7523074265937595,-1.7834748448211697,0.014635777511860978,12,0.0
379,-3.6516410246349635,1.3496250018626492,0.014437472898315368,10,0.0
380,-3.7540093712170415,-1.7589683376006036,0.017193864381442128,13,0.0
381,-3.7502308201193837,-1.77604615600196,0.014949444571758341,13,0.016543537873186177
381,-3.634326923489056,1.3834368260773662,0.016702075275460943,9,0.0
382,-3.7222463795712075,-1.7472413412297412,0.017177846506037497,10,0.0
383,-3.7521602240733034,-1.7591465317167634,0.016196759953057104,9,0.0
384,-3.686894607635372,-1.7634960486266567,0.015953023621187667,13,0.0013538016036008706
385,-3.7928308306761784,1.365209344680579,0.015596281189507682,5,0.0
386,-3.757018802071505,-1.7498530522227378,0.01557407510473615,10,0.0
387,-3.737542942129668,-1.7825180061192674,0.01591761945066926,12,0.005331494977018625
388,-3.7515192148748193,-1.7605079304377311,0.014604268494373839,9,0.0
389,-3.788565351788756,1.3638990452137427,0.01592046067783619,5,0.003370056682573317
391,-3.756504226856418,-1.7512595200419454,0.017189285553626966,13,0.0
391,-3.6383812474351283,1.3849815570499526,0.014435119248857585,9,0.0
392,-3.6352576732000794,1.3837908859551358,0.01670641343267804,9,0.0
394,-3.7479298469995213,-1.7749417685707412,0.015347967170070505,12,0.0196562162693349
395,-3.748370626562857,-1.7747773859484641,0.015143513167710591,13,0.01911699625060967
395,-3.664136194018053,1.3806679641106372,0.01573032325758568,9,0.0
396,-3.7571909818259615,-1.771699451341406,0.016011620011445887,13,0.018547336906098305
396,-3.6153349768165954,-1.7682870963350654,0.017061165621855667,4,0.0
396,-3.649473541737014,1.381074681362724,0.016757456030797025,9,0.018147088838028267
398,-3.7575972209012076,-1.7693981447984255,0.015954499647250205,13,0.018890228453864708
399,-3.723666707517104,-1.7524119307632087,0.016703526590918862,10,0.0
400,-3.7503624479836,-1.759196044749478,0.015273568889680787,11,0.0
401,-3.7185834172507737,-1.760914953993884,0.016551945779452692,11,0.0
402,-3.753372851771029,-1.7846601537001436,0.015370696686952614,12,0.0
403,-3.726469305146195,-1.7522235135887512,0.016625623136217394,10,0.0039038599929062576
403,-3.7892415165105637,1.3651456637730635,0.015480595004974241,5,0.0
404,-3.7256490538101614,-1.7515332632595304,0.016627270327799613,10,0.0025884234190760563
405,-3.7235225047628715,-1.7501278448553281,0.01716023275493447,10,0.0
406,-3.670526526888604,1.3647049224006722,0.014520297384651253,10,0.0
407,-3.755343605924091,-1.763529943674742,0.015686254111894726,13,0.01840647867759445
407,-3.6112259467068584,-1.7662767336818148,0.017474386468583136,4,0.0
407,-3.63721290322612,1.3885769452712746,0.017466314788458694,10,0.0
408,-3.6794640175744355,-1.7556348940175246,0.0144019050985683,16,0.0
409,-3.7265663790130166,-1.7448980696412166,0.01628153559393769,9,0.0
409,-3.7925767737749285,1.366217291061452,0.016924030017854055,6,0.0
412,-3.6490841049868576,1.3799108050605935,0.016328611530962336,10,0.018656666259072988
413,-3.6631891974470188,1.3803122197992155,0.015718989436678873,9,0.0
414,-3.6374529782587826,1.3846267202210492,0.014428404800919621,9,0.0
415,-3.7245709722975735,-1.7528378454564557,0.01670419497484367,13,0.0
416,-3.7296516731113063,-1.7408493970611587,0.017541302548747494,16,0.0
416,-3.6485360430069678,1.3807209223222685,0.016747415107964507,9,0.01813585912942746
417,-3.680038069218468,-1.7588426023833557,0.015299885737791522,13,0.005223333455396794
419,-3.664136194018053,1.3806679641106372,0.01573032325758568,9,0.0
420,-3.75432952941086,-1.7621327080074503,0.016528642986273562,10,0.0
422,-3.6682179185652535,1.371951140304755,0.01681805535249208,10,0.0
423,-3.623247238173824,-1.7461009377570107,0.017476479332902792,6,0.0
424,-3.722841231975886,-1.7498075918530465,0.015949528797086533,10,0.0
426,-3.7503624479836,-1.759196044749478,0.015273568889680787,9,0.0
427,-3.667404484316784,-1.7585578659790013,0.016727971077711075,16,0.019346331384844824
429,-3.669347003396598,1.3668522023153944,0.016846543154244935,10,0.001297891491917032
431,-3.6720491034696496,1.3629684752550995,0.01691817305918821,10,0.0
431,-3.791408811214401,1.3574099762912675,0.01702071189966208,5,0.0
432,-3.76157299613163,-1.73250542475576,0.01589151053044383,11,0.0
434,-3.755880021273651,-1.7598424403008925,0.017252745818702505,9,0.0
435,-3.755692855561891,-1.7631174855093255,0.016090186086559845,10,0.0
437,-3.6352576732000794,1.3837908859551358,0.01670641343267804,10,0.0
440,-3.7593697528551098,-1.7515250491069247,0.01747789885464444,10,0.0
440,-3.6718877509444585,1.3674305151738648,0.01633329959049701,10,0.0
440,-3.793152730223109,1.362435947709632,0.016690194882156232,5,0.0
443,-3.6503222294619952,1.3762717474928634,0.016207202664276988,10,0.023655257168625914
444,-3.727823036269372,-1.7494062931575136,0.014619875557337748,16,0.0
444,-3.6383812474351283,1.3849815570499526,0.014435119248857585,9,0.0
445,-3.7535405161729107,-1.7683883726669412,0.015734114675920792,13,0.020042603270621587
446,-3.721891577315934,-1.7559510574931678,0.016798409008280238,12,0.0
449,-3.7544764966101436,-1.7852174010264004,0.015170503401880425,12,0.0
450,-3.75675991382524,-1.771975166392306,0.015366438316278583,12,0.01638540722659947
450,-3.7901062546650803,1.3674709409701753,0.015257437854036191,5,0.0
451,-3.7620631909550877,-1.7481312594203375,0.017487799978694596,10,0.0
451,-3.8008665306691434,1.379716936247696,0.015316588555223262,6,0.020509466700489497
453,-3.727166846816234,-1.7485020720207314,0.01754853741217788,16,0.0
454,-3.7543465200067097,-1.759101458887012,0.01751521760551218,10,0.0
455,-3.7581684908902693,-1.7530788674129159,0.01608885211016423,10,0.0
456,-3.753879624490642,-1.759953711731522,0.016111143021243716,10,0.0
457,-3.753988389733301,-1.760004711128195,0.016215458358688855,9,0.0
457,-3.6383812474351283,1.3849815570499526,0.014435119248857585,9,0.0
458,-3.7465173576023694,-1.76792300544532,0.01613901862046064,12,0.017705591686102886
458,-3.6619212739776943,1.3836782193791661,0.01572099746209659,9,0.0
459,-3.6604345780869068,1.3811955951079866,0.015350144503445354,10,0.0
459,-3.785964116147663,1.3637517947722055,0.01700154509873916,5,0.0
460,-3.721753811206038,-1.7625313403727256,0.016994339566614797,12,0.0
460,-3.6355936309313948,1.383920470998844,0.014417436212195453,9,0.0
461,-3.751774394098693,-1.759325758658437,0.015798682023234062,9,0.0
461,-3.631543143783231,1.38237723108682,0.01668032074729707,9,0.0
462,-3.7543712062758337,-1.776705698151753,0.015583368892547128,13,0.02784846852894947
462,-3.6324700265454117,1.3827317754363855,0.016688425554210164,9,0.0
463,-3.7213656374915933,-1.7512749526088618,0.016279327493725196,10,0.0
463,-3.6689903870153597,1.364135799445679,0.016810616380123287,11,0.0
464,-3.7179283226727464,-1.7563116738970377,0.01757288848105094,11,0.0
465,-3.755008884166384,-1.7847618045765803,0.014645222750912538,12,0.0
466,-3.754634114113834,-1.7680148829233306,0.015469505114904839,13,0.01923062017584523
466,-3.648656551663249,1.3888628180879663,0.01677257881129786,10,0.01813336569560907
470,-3.63339717305837,1.3830844640038296,0.016696518512518424,9,0.0
472,-3.749805554290434,-1.772690594231278,0.015576679393053116,13,0.019118489209095597
473,-3.7592561897488372,-1.7535835269563913,0.01714000390667539,12,0.0
474,-3.7910427202594903,1.3678089620716267,0.015262039730566019,5,0.0
476,-3.7534866873777353,-1.771844257764883,0.015818201676393185,13,0.024294994533450968
477,-3.7403792797337183,-1.7781065777572824,0.017598124599447665,12,0.0
477,-3.632560820668084,1.3908395200239303,0.016711646046817824,10,0.0
480,-3.6664962806341075,-1.7582755550686389,0.015501965379075819,16,0.016324150728284144
480,-3.789952260508579,1.363261958276271,0.016317843445961832,6,0.0
481,-3.754690517538981,-1.7682565386850597,0.016435392023316297,13,0.020854367034203677
484,-3.7213281304759582,-1.7490964404101166,0.01757286923616507,10,0.0
485,-3.755084381165202,-1.754134308817779,0.014766087518919039,9,0.0
486,-3.6641598441793475,1.381534522070818,0.016273848832133654,11,0.02608001127171406
487,-3.750670690391539,-1.761875263049713,0.016701966473260804,13,0.01641079018668043
487,-3.648660174195908,1.397002102201673,0.014463570046898133,10,0.0
488,-3.746712788106502,-1.7530541758096678,0.015252059473659414,10,0.019030456192350217
489,-3.7549364835920573,-1.7646500218393104,0.015598733343218978,13,0.016532710931328545
489,-3.6130245480336574,-1.7671562364865447,0.017476576402557308,3,0.0
491,-3.7553465439473324,-1.7561980879814578,0.015241782068827276,13,0.0
491,-3.664997193740298,1.3747996584383875,0.015367915239074997,9,0.0
492,-3.751555955835223,-1.7679486434019096,0.01550435130100664,13,0.021125354995714263
493,-3.8096133434741426,1.3828676417368275,0.015345667845928427,6,0.0
494,-3.75587682990598,-1.769815382302549,0.016438002350402228,12,0.017302705565799967
495,-3.7570169126411805,-1.7703673852477504,0.016210884124765672,13,0.017887495554945766
495,-3.8124492060036963,1.3838960627031658,0.015362679887371075,4,0.0
496,-3.753829207079128,-1.7588972008130863,0.01702281831295301,9,0.0
497,-3.7206719004873237,-1.7597681607362357,0.016283210682309597,11,0.0
498,-3.763239482759145,-1.7956077137996607,0.01648834004939346,12,0.02162393992234863
498,-3.6182453784600677,-1.7610189472231155,0.017478342026399803,4,0.0
499,-3.727517821279372,-1.7496955765350035,0.01736065788911638,9,0.0
500,-3.7412610314716317,-1.7475161249311226,0.0165169679027445,16,0.01820723043379494
501,-3.7565994510751697,-1.753545821811982,0.01629147281779582,13,0.002487499903410532
501,-3.6353414080122324,1.3919049608334138,0.016734471344560277,10,0.0
502,-3.6383812474351283,1.3849815570499526,0.014435119248857585,9,0.0
504,-3.7186945157028335,-1.7566736107038035,0.016748920522881,11,0.0
504,-3.6485360430069678,1.3807209223222685,0.016747415107964507,9,0.01813585912942746
505,-3.7548068009854902,-1.759351130239195,0.017092756447958372,10,0.0
506,-3.666878463967616,1.3755057789095622,0.01537804205535246,9,0.0
509,-3.753899518496856,-1.7589249628773722,0.01708951375812813,10,0.0
510,-3.755235187445507,-1.7681397930201221,0.01583882991346599,13,0.022155597571299666
511,-3.749115208352954,-1.7741519011902125,0.015858692668273777,13,0.021721860664728324
512,-3.6716906363258257,1.3682629366419576,0.016767600938233422,10,0.0015606497646081328
512,-3.788783919114696,1.363064938715341,0.01548527418584042,5,0.0
513,-3.754372826255727,-1.759995907020142,0.016433258298508984,10,0.0
514,-3.672762666832748,1.3655363441305788,0.016835021669524042,10,0.0
516,-3.754106441563031,-1.7600600649519795,0.01632892632471063,12,0.0
519,-3.66630898880437,-1.7552074338569548,0.015738484206312638,16,0.01787614974057354
521,-3.7551582620574315,-1.7565824290495238,0.01571608021673343,10,0.005332918002544786
523,-3.752833111579824,-1.7673726531399034,0.01658026079041878,12,0.020393273137760584
524,-3.723903641435923,-1.7503069838209477,0.016751027573391027,10,0.0
525,-3.7080974646125964,-1.7513985181694502,0.016932966369765844,13,0.04277838982338195
526,-3.7300197645636652,-1.7365839978869742,0.015833056780397727,10,0.023579202162257146
527,-3.752972924421198,-1.7595272598772027,0.016108489243737235,9,0.0
528,-3.726952984543883,-1.7482852768567008,0.016038827719973333,16,0.0
528,-3.6672715567324112,1.3715969064487694,0.01680735994974337,10,0.0
530,-3.726363854549999,-1.7521480842869321,0.015824181736203743,10,0.004618918735939585
531,-3.7266423270518367,-1.7450526734166665,0.01712811833647751,9,0.0
532,-3.7564633272444317,-1.7723154303639634,0.01601782947669043,13,0.01755820168576198
532,-3.636524294186632,1.3842733727692516,0.014421957412312454,9,0.0
533,-3.6355936309313948,1.383920470998844,0.014417436212195453,9,0.0
536,-3.750403303064556,-1.767975126408674,0.014936103679932412,13,0.01846149784964846
538,-3.7529872275362233,-1.7584986966880902,0.017082186553398677,10,0.0
538,-3.669912089190293,1.3623443506564812,0.015721420950142114,9,0.0
539,-3.7472777477658155,-1.7655015636192835,0.01622505152566024,12,0.015759371676462255
541,-3.63339717305837,1.3830844640038296,0.016696518512518424,10,0.0
542,-3.758412847776164,-1.7699363654943359,0.015511213132014614,12,0.017967916426137726
543,-3.755387796896042,-1.7688047133922613,0.015699901629040162,13,0.01948528874754138
544,-3.7240535212696817,-1.748089819624517,0.017181668322755667,10,0.0
545,-3.6355936309313948,1.383920470998844,0.014417436212195453,9,0.0
546,-3.7205374312007993,-1.7510050003171058,0.017124596103360812,10,0.0
546,-3.6355936309313948,1.383920470998844,0.014417436212195453,9,0.0
548,-3.7511641125965665,-1.758679705850627,0.016108229831905446,9,0.0
548,-3.789173448107484,1.367135239719821,0.01524907695696272,5,0.0
550,-3.7540625605139737,-1.758989339092745,0.017244453390878538,11,0.0
551,-3.75544063215535,-1.7518071159507278,0.016076930145429665,9,0.0
553,-3.6487815157459824,-1.7584066426045064,0.01587491335078564,16,0.0
558,-3.7562381177203195,-1.7698855717490223,0.015437038558805393,12,0.015922061158066533
559,-3.75238187578591,-1.7592504519640695,0.016409964071551607,9,0.0
560,-3.749337092501485,-1.7578231751902949,0.01609155683520334,9,0.0
561,-3.748854802655033,-1.7583271687653155,0.015489072935303563,9,0.0027234738580867203
562,-3.669582507314286,1.3643530236555468,0.014513132772183952,10,0.0
562,-3.7867337871719124,1.3683069110623827,0.01575936158680361,5,0.0
563,-3.7504759871465887,-1.758356826503203,0.01631637523163891,9,0.0
564,-3.754386408196054,-1.7524067876181177,0.015348197169468062,10,0.003524570432416483
564,-3.6324700265454117,1.3827317754363855,0.016688425554210164,9,0.0
565,-3.750148042461613,-1.766468674279918,0.015768595723106384,13,0.02142627073584452
566,-3.75816211066616,-1.7619859088885466,0.015678048470851927,12,0.020439239508750255
566,-3.6146454490589472,-1.759267669994681,0.01747415853586522,4,0.0
566,-3.790920642555396,1.3654623078343013,0.01587409124011563,5,0.0
568,-3.7561455383190343,-1.7620249650471176,0.015912263726255274,12,0.01636179571205335
568,-3.6361809420332203,1.3841440555161415,0.0167182842310322,9,0.0
571,-3.7206593470176252,-1.753190343151794,0.016973674555584628,11,0.0
571,-3.670487011590671,1.3687434710637538,0.015388773061944333,9,0.0
572,-3.754378769581753,-1.7682154827110534,0.016128832880446947,13,0.018681856475214267
574,-3.7546722928253415,-1.7523405048718539,0.015273107522077719,9,0.0
574,-3.6676564111234202,1.367687752240582,0.015367710997981423,9,0.0
575,-3.722270063943335,-1.751697131732844,0.016281015411126535,10,0.0
576,-3.7567706161022096,-1.7706949048370595,0.015854338199533607,13,0.01645520698707307
577,-3.686911242307989,-1.7591887062480092,0.017553534973783154,11,0.0
577,-3.672762666832748,1.3655363441305788,0.016835021669524042,10,0.0
578,-3.676843551938929,-1.7493243039322288,0.015698971899410614,16,0.03999495210406191
579,-3.658236483383034,-1.7556133820107371,0.01571000702699885,16,0.02585823719049257
580,-3.661400839981547,-1.750617270683966,0.016501055783961063,16,0.05336785414795247
581,-3.74499747439329,-1.7705440229767397,0.015792308993391332,12,0.0
583,-3.725182829064686,-1.750907543577382,0.01634993234502422,10,0.0
585,-3.754779078196144,-1.7626908799974548,0.0160813881050838,10,0.0
586,-3.757417885118129,-1.7527287418876365,0.017112028592028327,10,0.0
587,-3.7599028912291814,-1.7725764475885857,0.015956096562188077,12,0.018601936207847065
587,-3.615545505512443,-1.759705999246441,0.017475035276451133,4,0.0
590,-3.634326923489056,1.3834368260773662,0.016702075275460943,9,0.0
591,-3.754736345934105,-1.7593233076159067,0.017025924145414293,9,0.0
593,-3.748547072009645,-1.7878695208075492,0.015665957802491394,13,0.004194794208597209
594,-3.74782457732989,-1.7684739523340234,0.016304934187652807,12,0.017379232063189642
594,-3.6352576732000794,1.3837908859551358,0.01670641343267804,10,0.0
596,-3.758663314058045,-1.7554249061938825,0.017486520132151944,9,0.0
597,-3.653126141674896,1.3797780944568043,0.01599900922014283,10,0.0303436249008082
599,-3.752643669237968,-1.7673026912815115,0.016224182077718405,13,0.021671842592031178
601,-3.7324696445224275,-1.7343818852359507,0.01735344140019811,11,0.0
601,-3.6342052304211867,1.3774453866865508,0.015612891300017721,11,0.0
602,-3.7235225047628715,-1.7501278448553281,0.01716023275493447,10,0.0
602,-3.7920483863068393,1.3661579478561845,0.015496933360131136,5,0.0
603,-3.7501182920588163,-1.7755011241461274,0.015806210195629642,13,0.022680971761249814
603,-3.8044765724890617,1.3726808302754125,0.015320818666306295,6,0.020520598713833126
604,-3.74939981770658,-1.7828537492204293,0.01482559620766695,12,0.0
604,-3.637109535759186,1.3844962944166648,0.01672486931067489,9,0.0
608,-3.7591566620487535,-1.7621476498816786,0.017268577517408287,12,0.01502429233697467
608,-3.6582324871891307,1.3789202287620597,0.016112932069596398,10,0.016828777741514787
609,-3.7500253462824182,-1.7598586932195694,0.014916006192037758,10,0.0
610,-3.647086541953165,-1.7575940185771128,0.01708424477071121,16,0.009500793368022118
611,-3.7593311024250617,-1.7721100791007922,0.016302594574773836,12,0.01660488614337976
611,-3.667262138620907,1.369460573565162,0.015720877226755508,9,0.0
612,-3.7335646031569683,-1.741602350674496,0.016308559042068443,16,0.0
613,-3.756164689400639,-1.7599548709692272,0.01752420011346437,10,0.0
613,-3.634326923489056,1.3834368260773662,0.016702075275460943,9,0.0
614,-3.742812821380843,-1.7414365658897824,0.016737385163796498,10,0.02902385817024207
614,-3.656354324169113,1.3803647357613074,0.015495758050842898,10,0.017897922144240793
615,-3.7468669384463533,-1.7736049676267012,0.015353934299874831,12,0.02094970193994264
616,-3.7915709995149256,1.3657708727643796,0.017042371389851117,5,0.0
617,-3.7549717485397642,-1.7707077040476051,0.015237154487836038,13,0.01634426596954419
618,-3.757530933344644,-1.771817828331676,0.016506115294844574,12,0.019911469118661103
618,-3.6173455225314695,-1.7605836649675606,0.017478124660174066,4,0.0
619,-3.725163633192982,-1.7441849557330695,0.015864185714330428,9,0.0
619,-3.634326923489056,1.3834368260773662,0.016702075275460943,9,0.0
620,-3.751330242718319,-1.7596551991035645,0.015335575777531784,9,0.0
620,-3.634326923489056,1.3834368260773662,0.016702075275460943,9,0.0
622,-3.757238046994951,-1.751614050603239,0.017026147934198977,9,0.0
622,-3.656706072558453,1.3434418807393236,0.016751583564067696,11,0.0
623,-3.722809470331956,-1.7474521002451502,0.0175706494921417,10,0.0
624,-3.7529806145455917,-1.7595308648879404,0.016115857401818312,9,0.0
624,-3.672762666832748,1.3655363441305788,0.016835021669524042,9,0.0
625,-3.756351995868742,-1.7546762243907157,0.01513305761360891,13,0.0
625,-3.6347574838814865,1.3916804980687751,0.014430593575458398,10,0.0
626,-3.7471523983960866,-1.7739177833665751,0.015215288737256298,13,0.020761031827566515
626,-3.6324700265454117,1.3827317754363855,0.016688425554210164,10,0.0
628,-3.6681129913449917,1.3660241029038938,0.016305288564884394,11,0.0
629,-3.6999783040206564,-1.7786585994932156,0.016359167807207555,13,0.0
630,-3.745711375212353,-1.770734885727138,0.01608459851361755,12,0.0
631,-3.7879623190877934,1.3666975087292323,0.017469847616752184,5,0.0
633,-3.6880386261995817,-1.7519477915072437,0.015885566424834838,16,0.05075441851148988
634,-3.7237007841906635,-1.7515367122324754,0.016321637868637693,10,0.0038784143911816836
635,-3.685443856940662,-1.7561504058468445,0.016223865804258178,16,0.03844229261801984
639,-3.754736345934105,-1.7593233076159067,0.017025924145414293,9,0.0
639,-3.63339717305837,1.3830844640038296,0.016696518512518424,9,0.0
641,-3.7553385662133123,-1.7488496775445417,0.01649380169524323,10,0.0
643,-3.755445812429789,-1.7542513670039799,0.015131881421974197,13,0.0
644,-3.750844103923646,-1.7594596181534303,0.015743346501251997,10,0.0
645,-3.7465310656764546,-1.767231123093348,0.01575161614589115,11,0.0
645,-3.795447517485323,1.3669832929601369,0.015205785949262354,5,0.0
646,-3.741898483655087,-1.757686873741916,0.016177628832802004,9,0.02136524488725875
647,-3.746118747223125,-1.7728368415953337,0.016325410001214888,13,0.025976363752182402
648,-3.724278977602419,-1.7504833964767357,0.01634864230547079,10,0.0
650,-3.6682179185652535,1.371951140304755,0.01681805535249208,9,0.0
651,-3.756164689400639,-1.7599548709692272,0.01752420011346437,10,0.0
652,-3.754480044882984,-1.761164962661799,0.015761265153662038,10,0.0
654,-3.7496060787340277,-1.7747650717606411,0.016275929308302215,13,0.021426924214055103
655,-3.6352576732000794,1.3837908859551358,0.01670641343267804,9,0.0
656,-3.722471212310427,-1.7496336841416464,0.016345602684143246,10,0.0
657,-3.757109033380416,-1.7716990817200533,0.015365319683613259,13,0.016935049384759034
658,-3.653291028651627,-1.7605786551661895,0.015880703539248923,16,0.0
658,-3.657935261900369,1.3792272954036657,0.015364839806381148,9,0.01445851753723475
659,-3.7352998090733363,-1.733597323392274,0.017012091736345467,11,0.0
661,-3.6521031259317334,-1.7600071269551532,0.017515221517247187,16,0.0
662,-3.733412694306778,-1.7371119332402536,0.01669934061343336,10,0.023507708909762726
662,-3.667574399073445,1.3657385850725312,0.015713257546009853,9,0.0
663,-3.7605148831788884,-1.7539828104086668,0.01644972740754385,13,0.0
666,-3.7282047142144537,-1.7391014200014583,0.017106343095505745,16,0.0
667,-3.7534641958261683,-1.7595690470787875,0.01642918336765971,11,0.0
668,-3.665937915281955,1.3751537025577334,0.015373405115950457,10,0.0
668,-3.7945121749794044,1.366647143569037,0.015199759890845365,5,0.0
670,-3.7247447787208965,-1.7511084653003535,0.016625892619771387,10,0.002586652644722919
671,-3.75057439060404,-1.7753465681935103,0.015829244402649406,12,0.019380611257245654
673,-3.7581959103155436,-1.7696331887282133,0.016055897218274304,13,0.01877606961416662
673,-3.63339717305837,1.3830844640038296,0.016696518512518424,9,0.0
674,-3.745962865038281,-1.773177199713008,0.015350224890539596,12,0.0209429015304697
674,-3.6631891974470188,1.3803122197992155,0.015718989436678873,10,0.0
675,-3.7538874570183967,-1.7599573843587504,0.01611864774005342,9,0.0
677,-3.7466799987463215,-1.7705338065913618,0.017385151970190083,13,0.0
677,-3.6653890934233964,1.3708936281618198,0.01679794131039718,9,0.0
678,-3.757568991560775,-1.7712443223974064,0.016610179674397048,12,0.017448373850588873
678,-3.7981928925245785,1.3537569261924007,0.015275086515811446,5,0.0
679,-3.744771644529829,-1.7663369048419686,0.015393568511912968,13,0.01948775625705682
679,-3.6307124073525725,1.3901306865256788,0.01669167399826388,11,0.0
680,-3.6776588032371986,-1.749625711536401,0.015339335958482834,16,0.04119991856186827
680,-3.6689422403075267,1.3661871077297476,0.016101444898563202,10,0.0
682,-3.752415308359917,-1.7605297866157466,0.01552025734453772,13,0.002736734052023783
685,-3.7511273455990746,-1.7609509124397587,0.01612444339168068,13,0.021094018599125415
687,-3.757116249584607,-1.7536435084026762,0.01684766756348584,10,0.010605321092704342
687,-3.6705750377468624,1.3676758946971128,0.017381807869663406,10,0.0
688,-3.757923654333477,-1.7885978525788728,0.017165554879854373,13,0.0
689,-3.7245709722975735,-1.7528378454564557,0.01670419497484367,10,0.0
690,-3.7469762265550335,-1.7682940340299913,0.016410085761765843,13,0.015061785492556554
692,-3.7240405997485624,-1.7503705981723556,0.017576290032878413,10,0.0
692,-3.649473541737014,1.381074681362724,0.016757456030797025,10,0.018147088838028267
695,-3.6655120098676433,1.3779794828524623,0.01626962579958788,10,0.021758098252787572
696,-3.71769132465284,-1.760737152381901,0.017434308698330146,11,0.0
697,-3.686655102869654,-1.7578482071300652,0.017106671988181776,16,0.04226286946203045
698,-3.7547963543337577,-1.7603831225686073,0.016122553401563346,9,0.0
699,-3.733581355701684,-1.738179042674969,0.015442725791742343,10,0.024404102791144387
699,-3.662249719618134,1.3799582315499643,0.015714405771093027,9,0.0
700,-3.653538689233654,1.3793028119952702,0.015476430068087734,9,0.017878203930908644
701,-3.75308091332932,-1.7595778833985047,0.016212057721897287,9,0.0
702,-3.7253900162964073,-1.7531049945730157,0.015869615735962985,10,0.0
703,-3.7583223948744457,-1.7521074836721642,0.01719652441669437,12,0.0
704,-3.7232503943482866,-1.752276123433086,0.017128765781769507,10,0.0
704,-3.6563761278934255,1.3809695830014326,0.01678982104236465,10,0.02841924554821558
705,-3.810557391477063,1.3832087359698855,0.015349617910277606,5,0.0
706,-3.7543344256705495,-1.7700351438966102,0.014976511119899564,12,0.016106242844865767
706,-3.615545505512443,-1.759705999246441,0.017475035276451133,4,0.0
706,-3.6393113147981397,1.3853344310530447,0.014440138450727448,9,0.0
707,-3.7585494244335167,-1.7623008106488607,0.016576364550482666,12,0.019752959275603846
707,-3.61785849790632,-1.760830682698517,0.017059124939372644,4,0.0
707,-3.664888680537328,1.37669961693454,0.01602379963401101,9,0.0005082477577877807
708,-3.665937915281955,1.3751537025577334,0.015373405115950457,9,0.0
709,-3.7457203294189787,-1.7816216790048485,0.01519509525785626,13,0.0
712,-3.754495402322719,-1.7606062000267293,0.0158055730926906,9,0.0
713,-3.756762231030984,-1.769811586268054,0.016269478749399643,12,0.01693549782795556
713,-3.6146142032155875,-1.759257864729205,0.017467700808428778,4,0.009496902533398398
716,-3.7305325574838535,-1.742859133725113,0.015464595338222305,11,0.0
717,-3.729193375512346,-1.7459577332444967,0.015748133719115893,9,0.004904226688848721
718,-3.6864497552990803,-1.7516353250554229,0.015249670610094856,16,0.033158490211893994
719,-3.726003747521961,-1.7505868747383921,0.01607084458655699,10,0.0042169964167819395
720,-3.725182829064686,-1.750907543577382,0.01634993234502422,10,0.0
723,-3.723734569611068,-1.7525650344236505,0.017559147092876298,13,0.0
725,-3.7017409591227093,-1.746903340125388,0.01633306146350914,16,0.03468678816567753
726,-3.7557782063062897,-1.769007662768617,0.015638380040726152,13,0.017364339336517636
727,-3.752454127029474,-1.7682274446406951,0.015156517793975421,13,0.017442191873426965
729,-3.7529806145455917,-1.7595308648879404,0.016115857401818312,9,0.0
729,-3.6663297254681106,1.3712454093981787,0.016802505140897702,9,0.0
731,-3.7227622128294997,-1.7519898002751348,0.0167018923165664,13,0.0
732,-3.7450342775105194,-1.7896935489567318,0.014822762056670429,12,0.0
735,-3.75650034654045,-1.7523014693177266,0.017100671811480925,9,0.0
735,-3.664997193740298,1.3747996584383875,0.015367915239074997,9,0.0
736,-3.723666707517104,-1.7524119307632087,0.016703526590918862,10,0.0
737,-3.791285529100286,1.3617667260358677,0.016673482407817068,6,0.0
739,-3.731201410830787,-1.7510239988239131,0.014838531377603726,16,0.0
741,-3.6685949208197415,1.3680375238801665,0.015369395145956198,9,0.0
742,-3.65261825383691,-1.7602531166994215,0.01709732760075016,16,0.0
742,-3.6680963517117426,1.367851510533177,0.017557037482424865,10,0.0
742,-3.787252280419374,1.368552589206964,0.016178829320924567,5,0.0
743,-3.6711669411094174,1.3695397158398481,0.017311765628962108,10,0.0
744,-3.753851227681425,-1.7599403966310463,0.016083944335266265,9,0.0
745,-3.7221490188861988,-1.751789875247069,0.017328428871046252,11,0.0
746,-3.7573017080713935,-1.7516390464678842,0.017086491258890196,12,0.0
747,-3.7467686799280173,-1.7684035696235734,0.01715439958733976,12,0.016697165971283123
747,-3.672762666832748,1.3655363441305788,0.016835021669524042,10,0.0
748,-3.676330070494263,-1.7571889923898798,0.016470524445964984,13,0.004044156409888698
749,-3.7294152730791668,-1.7421095225665966,0.014919094292276261,16,0.0
750,-3.7463424717301663,-1.768719646745866,0.01669910648347333,12,0.016410173755005912
753,-3.649922947223187,1.381249970496445,0.014465223673542655,10,0.01646532157059156
754,-3.7519771857281086,-1.7730133892743127,0.015069139548122177,13,0.017905229332573942
755,-3.761397344618573,-1.7547434398032193,0.016571262641539512,12,0.0
756,-3.6678227358189015,1.3758600832679628,0.01538601119361581,9,0.0
758,-3.6866794443221313,-1.7547030208594467,0.016560365275681495,14,0.042959366765790374
760,-3.7587697041868404,-1.753358355990931,0.01667505943053564,10,0.011399028680415693
761,-3.755174945938233,-1.7695207680552467,0.01464404637073941,12,0.016489617436162892
761,-3.6352576732000794,1.3837908859551358,0.01670641343267804,10,0.0
762,-3.7256611592618927,-1.7444740568024377,0.016280882971909723,9,0.0
764,-3.7562731615471288,-1.7614493810550178,0.01577409676149428,9,0.0
764,-3.63339717305837,1.3830844640038296,0.016696518512518424,9,0.0
765,-3.755715730864105,-1.759777553231338,0.017096613613941967,10,0.0
765,-3.670873862215656,1.3648350810409982,0.01682004886352966,11,0.0
766,-3.6761896024923035,-1.754071327673759,0.014758328536953884,16,0.0
769,-3.636524294186632,1.3842733727692516,0.014421957412312454,9,0.0
770,-3.7224785527696302,-1.7606203772997964,0.01628553878288862,11,0.0
770,-3.6690576743963756,1.3663767855669848,0.01631339741095985,10,0.0
771,-3.7505804161232024,-1.7587488185305709,0.015861576152257653,10,0.001503423186541718
771,-3.6690576743963756,1.3663767855669848,0.01631339741095985,10,0.0
772,-3.7563482789125944,-1.7706845077543467,0.01656367208098591,12,0.017790428254807738
772,-3.615545505512443,-1.759705999246441,0.017475035276451133,4,0.0
774,-3.756460964296554,-1.7701225183366835,0.016239665848067186,12,0.017036413020494287
775,-3.7557021755294455,-1.7563643662002932,0.01562090021202065,13,0.0
777,-3.724807035706078,-1.7507308885797441,0.016752817249985712,10,0.0
778,-3.753752997700602,-1.7849023186880142,0.01499042309024451,12,0.0
778,-3.615545505512443,-1.759705999246441,0.017475035276451133,4,0.0
778,-3.634326923489056,1.3834368260773662,0.016702075275460943,9,0.0
779,-3.650515203832677,1.3815799775259863,0.016821713118597766,9,0.02151074381110758
780,-3.7597510517952277,-1.786853753367188,0.015347288291042514,12,0.0
780,-3.6137151476321323,-1.758820630258262,0.017466502532718746,4,0.009496195665332734
780,-3.797656357998892,1.3557424229672923,0.016706228104443405,6,0.0
781,-3.7562145294801144,-1.7524938321367445,0.015924924330300353,13,0.0
782,-3.7919930362064,1.3662704445956333,0.0145377705029216,5,0.0
783,-3.7235138845602624,-1.763286002703678,0.016313264305977418,11,0.004037954404355324
784,-3.756092724353202,-1.7698887313674576,0.015124231418982566,13,0.01657007149260208
785,-3.658171965206962,-1.762930110906145,0.016287409048231744,16,0.0
787,-3.7305616238676094,-1.7506851540537134,0.014603916038899269,16,0.0
787,-3.640456024230194,1.3636868917560805,0.015615252740961389,10,0.0
788,-3.7572879799451826,-1.752668640872024,0.016112087990280237,9,0.0
788,-3.652123902601911,1.3790933459087835,0.015080126221477794,9,0.02027587328057195
790,-3.7309096504187598,-1.7403637166429564,0.017122350538786465,16,0.0
791,-3.663246753105466,-1.7566293014753693,0.017108335510967777,16,0.0
792,-3.7309096504187598,-1.7403637166429564,0.017122350538786465,16,0.0
793,-3.7265663790130166,-1.7448980696412166,0.01628153559393769,9,0.0
794,-3.7922162848965315,1.36210020816873,0.016684668907198233,4,0.0
796,-3.760818028719798,-1.7454395445917434,0.01711972598889942,11,0.0
797,-3.688295444393395,-1.7546429925569247,0.015491037451028252,16,0.043633754840427384
798,-3.752972924421198,-1.7595272598772027,0.016108489243737235,9,0.0
799,-3.756574051147471,-1.7687439133492897,0.01616790578556825,13,0.020630693253157046
800,-3.75410849042213,-1.7843326573264917,0.014641654035639745,13,0.0
801,-3.757515448635317,-1.752995314566276,0.016314911194409937,13,0.0
802,-3.757086100794597,-1.7704182098399794,0.016999150179299413,13,0.018919615279185387
806,-3.7539754575104776,-1.759998647283253,0.016203043757326525,9,0.0
807,-3.7556455485573776,-1.759749834484767,0.017030038521735305,9,0.0
808,-3.7515868085572666,-1.7831775937922716,0.0144489013645684,12,0.0
808,-3.6146454490589472,-1.759267669994681,0.01747415853586522,4,0.0
808,-3.6723237816212593,1.3653721608818026,0.01735334327026027,10,0.0
810,-3.7531293159829637,-1.7634755222943708,0.015751898264771115,12,0.017255813419664794
810,-3.6110174671512967,-1.7575055280986889,0.017463225659167116,4,0.009489250140794483
810,-3.8115051565267275,1.3835549683328958,0.015358728520722923,6,0.0
811,-3.7558112703320585,-1.770166240228773,0.014913215882560641,12,0.016871558298381804
812,-3.723734569611068,-1.7525650344236505,0.017559147092876298,10,0.0
812,-3.6451110456011957,1.3854857233789977,0.016016251256479114,11,0.020279767509755645
814,-3.7493282197845783,-1.7747582684106433,0.015932453120900268,13,0.019298509852811046
815,-3.7524916781236253,-1.760038987816067,0.015516908077666003,10,0.002840579148869553
816,-3.657289017263235,1.380719087140519,0.015499985489266474,10,0.01790313907214887
817,-3.7234763035353433,-1.75209051514643,0.015055147638399975,10,0.0
818,-3.7261538255607416,-1.744764454308001,0.016701988462947126,9,0.0
819,-3.755903361273703,-1.7866588455340167,0.016455395796704273,12,0.0
819,-3.63339717305837,1.3830844640038296,0.016696518512518424,10,0.0
821,-3.7251460425029475,-1.755059589193913,0.016120255782416052,10,0.0
821,-3.665937915281955,1.3751537025577334,0.015373405115950457,9,0.0
825,-3.755454378008214,-1.7706127841504584,0.014759803883738397,12,0.015144863592167913
825,-3.616058142940571,-1.7599562630973054,0.017057178043884676,4,0.0
828,-3.726820768616501,-1.7440298193914165,0.0175655204860938,10,0.00865469772583717
829,-3.758836746228731,-1.7312427888691502,0.01587747534775157,11,0.0
831,-3.740319254348536,-1.778543389202294,0.016427729305563337,13,0.0
831,-3.6687319223187917,1.3741672282934358,0.016364691683009074,10,0.014554455931357284
832,-3.664997193740298,1.3747996584383875,0.015367915239074997,10,0.0
836,-3.7087493882804257,-1.7582553707016033,0.01612370760722546,13,0.019752108059342306
838,-3.673708663097389,1.3658893650527226,0.016844461301076856,10,0.0
840,-3.7425218673044753,-1.7490072860316737,0.017113521620854402,10,0.01979913851733698
840,-3.6324700265454117,1.3827317754363855,0.016688425554210164,9,0.0
841,-3.755495030898941,-1.7602945522393312,0.016830282847170634,13,0.0014103642451917912
842,-3.756088180512061,-1.768701325140312,0.015569533063601995,12,0.01914778161778819
842,-3.7907779288099617,1.3655454664289275,0.016864465392302106,6,0.0003144034800514293
843,-3.6907159821444946,-1.7570657021184493,0.015057901464668233,16,0.04615359819749362
844,-3.6352576732000794,1.3837908859551358,0.01670641343267804,10,0.0
845,-3.7567900106032557,-1.7602685376459677,0.017257695528012013,10,0.0
846,-3.7274964060990228,-1.7519953153101118,0.01581166484858932,16,0.0
846,-3.669463874703175,1.3664412838356854,0.015729168584345015,9,0.0
847,-3.7235420786581535,-1.7631335248263988,0.01612218383801311,11,0.0
848,-3.727649105765602,-1.7476543723966085,0.017003274771666292,11,0.0
849,-3.7586117793139353,-1.7864768863270015,0.014657226141247636,12,0.0
850,-3.7549707904574645,-1.7594158895037801,0.017248599162570055,10,0.0
851,-3.746313471418535,-1.7702662771406799,0.016492215451610892,13,0.023573016367329086
853,-3.752380942177152,-1.7683289809408984,0.016150367041311026,13,0.020396931468805713
854,-3.70326698874647,-1.7483375428774024,0.014800431384766135,16,0.03380300837170198
855,-3.7542837984699426,-1.7683054977441017,0.01564758588781879,13,0.01920915864979118
855,-3.791641355717846,1.36588074735236,0.016917539008583334,5,0.0
857,-3.755545885466559,-1.7696812770324657,0.015709565267747305,12,0.016395944418572464
857,-3.6664821723944936,1.3772797612384509,0.015733341367802654,9,0.0
859,-3.788304359699104,1.3648073301032975,0.015476698125900403,5,0.0
860,-3.634326923489056,1.3834368260773662,0.016702075275460943,9,0.0
861,-3.7490481710449277,-1.775103778029518,0.015634889705097358,13,0.02305077431741051
861,-3.788304359699104,1.3648073301032975,0.015476698125900403,5,0.0
862,-3.637406078968273,1.3725051881655503,0.015263813367155824,10,0.0
863,-3.6259522713529577,-1.7474040016157364,0.017479979301188688,6,0.0
864,-3.7220668848582052,-1.7604851923572347,0.0167056352719137,11,0.0
864,-3.7908856217641262,1.363597603011511,0.01632616699446122,6,0.0
865,-3.661614372170972,-1.7471180548672929,0.017519253373188253,16,0.0
865,-3.6658665577686937,1.3732051347676146,0.015725133194098,9,0.0
867,-3.7285497068599462,-1.7500310551814076,0.01640804231322283,16,0.0
867,-3.633491566073927,1.3911955792682784,0.016715989242264404,11,0.0
868,-3.752216641267029,-1.764426050643598,0.01603377095772031,10,0.003916343646555359
869,-3.724278977602419,-1.7504833964767357,0.01634864230547079,10,0.0
871,-3.722095295853005,-1.7494570049624276,0.01674861735812543,10,0.0
871,-3.807718820053609,1.382178332023843,0.015329819721487059,5,0.0
872,-3.647707517358185,-1.7578890640311002,0.014722434468414692,16,0.0
872,-3.63339717305837,1.3830844640038296,0.016696518512518424,9,0.0
873,-3.755580077056243,-1.7768391787793676,0.01493772274225251,13,0.02465908627901283
875,-3.7550586902285286,-1.7583883845003474,0.017476238021588555,16,0.0
876,-3.7577494343157634,-1.7549974502183452,0.017477472260904802,10,0.0
878,-3.7561563511703016,-1.769976102615215,0.016985156511548895,12,0.017624098333121403
879,-3.7226180424621647,-1.7497019785806478,0.01715910448457743,10,0.0
883,-3.7551252886035944,-1.7533502392614657,0.014799379443741073,9,0.0
883,-3.80692271649812,1.3902544298258375,0.015344766873960114,6,0.0
884,-3.6682179185652535,1.371951140304755,0.01681805535249208,9,0.0
884,-3.791584709837818,1.3638326653344375,0.016577976371626196,6,0.0004237748025246309
885,-3.670091841491905,1.370517348227321,0.01574152502015822,9,0.0
886,-3.7530361615237187,-1.7681474467639797,0.015783148545191535,13,0.01977432686344152
886,-3.634326923489056,1.3834368260773662,0.016702075275460943,9,0.0
887,-3.6902833838683424,-1.76079590357857,0.016325155066235775,11,0.0
893,-3.6489599842761242,-1.7584922684751099,0.015098687066223259,16,0.0
896,-3.751304184236062,-1.773392872100133,0.015834884786614174,13,0.018288059874862986
897,-3.7486153613872077,-1.7824988049804773,0.014708243539142593,12,0.0
897,-3.6737935517266833,1.3659209351054127,0.016932725944118043,10,0.0
897,-3.793145342143159,1.365365327763372,0.016164142031006943,5,0.0
898,-3.7520648400574306,-1.7848833743011707,0.015783773388363436,12,0.0
899,-3.676070033487436,-1.7566625489014367,0.01577940018191717,16,0.0613581482337864
900,-3.7193563997274413,-1.7592070798373594,0.016702065032890807,11,0.0
901,-3.7462168013548736,-1.774149793400714,0.014707930273011802,13,0.018621324601253635
902,-3.7526165351190004,-1.7681929125070917,0.01732921248207858,11,0.0
902,-3.648686426304396,1.3777908015449913,0.016201548032258043,9,0.02107788618512486
904,-3.7527277291889787,-1.7673402260982396,0.016250149341525535,13,0.021773783186711436
906,-3.6513453686058552,1.3817825267569561,0.01676864338113801,9,0.018158284552415548
907,-3.72852401705982,-1.7415488201695237,0.01593530952375781,16,0.0
907,-3.6352576732000794,1.3837908859551358,0.01670641343267804,9,0.0
908,-3.6667883455069354,-1.7627215643678988,0.014648364321241327,13,0.012279638730083857
908,-3.6662498381216055,1.3666465285243234,0.015969071629443967,11,0.024889884881184043
909,-3.6454898124129422,1.3594223621260721,0.015289628705434969,9,0.0
910,-3.718104546205643,-1.762354071724679,0.01607509544084743,13,0.0211220318193761
911,-3.7528251727237723,-1.7595329562710724,0.016834823146143568,13,0.0
912,-3.7598908923186314,-1.7664997418390342,0.016262428654701084,12,0.01852639733464624
913,-3.7548973099498713,-1.7613932803023744,0.01617229516745609,10,0.0
916,-3.801723062775115,1.3779471672449637,0.01585516150517262,6,0.021868912338138518
917,-3.7506105299915236,-1.7600820686119918,0.014600557856823022,10,0.0
917,-3.810557391477063,1.3832087359698855,0.015349617910277606,6,0.0
918,-3.7504039442415817,-1.7613470236105604,0.016860308274520917,13,0.017214255255306753
918,-3.6679759321398837,1.372924281964897,0.016277005553101458,10,0.012732688643605657
919,-3.7278788248413908,-1.7454531995744749,0.015867974480099342,9,0.0
919,-3.669147173859346,1.370163388022088,0.015732895201293097,9,0.0
920,-3.7309096504187598,-1.7403637166429564,0.017122350538786465,16,0.0
921,-3.7288452620310713,-1.749867868453921,0.014518639086934224,16,0.0
923,-3.7551252886035944,-1.7533502392614657,0.014799379443741073,10,0.0
924,-3.727623854231442,-1.741127684961145,0.01592918176161338,16,0.0
925,-3.7560736535036527,-1.7530320457146802,0.015755857368511796,9,0.0
926,-3.7541610288867178,-1.7609904046042761,0.01544951775960363,9,0.0
931,-3.7224446152878374,-1.7584435888117593,0.01757925471861902,11,0.0
933,-3.6867384436591273,-1.7531939821755045,0.015123238683403165,16,0.04497736662657257
934,-3.7465746646724205,-1.7652322471633455,0.015322233248558633,13,0.020544356875080095
935,-3.6727470017306265,1.3633968001670091,0.015745237598094052,10,0.0
936,-3.752899030299792,-1.7373693004655761,0.015883507274988638,11,0.021042353451579572
937,-3.7569102937823833,-1.7549900469501163,0.014782235233285156,9,0.0
938,-3.7539671898370535,-1.759540176778873,0.016313558454878974,13,0.01568810630569865
941,-3.7548068009854902,-1.759351130239195,0.017092756447958372,9,0.0
942,-3.794205474209541,1.3657934138533654,0.016158447795301133,5,0.004496139506010288
943,-3.6760323726135176,-1.752778670993059,0.015552331916646756,16,0.03646397333249666
944,-3.651792105761481,1.381958282459971,0.014477079648804087,10,0.016476093316280947
946,-3.6509567579229842,-1.759454660444946,0.016277368840062183,16,0.0
947,-3.752239956036848,-1.7600820774039125,0.015340289263447363,9,0.0
948,-3.7551644021820207,-1.7526085823163813,0.015752588849283083,13,0.0
949,-3.753656467512372,-1.7691881709342603,0.015016390305314507,13,0.01659314790970147
950,-3.7527593813056033,-1.767953393958209,0.015464886425897509,13,0.01832986546396452
951,-3.729205740894238,-1.7403203229545636,0.015472267464689868,16,0.0037248216552812005
952,-3.7271980919332734,-1.7516552947720583,0.015294288371368718,10,0.0
954,-3.655273776945525,-1.7615354275300816,0.015108950517133908,16,0.0
954,-3.6693818387864807,1.372387295886701,0.01574284479257685,10,0.012358051469355013
955,-3.753291745494643,-1.7596767182400854,0.01641487381150596,9,0.0
956,-3.759325182382821,-1.7468591408758785,0.0174685276355461,11,0.0
956,-3.7901062546650803,1.3674709409701753,0.015257437854036191,5,0.0
958,-3.6980607785012456,-1.7538815442464557,0.015394847564108936,17,0.034650385567479604
962,-3.7543682896398067,-1.753023259589592,0.014947059883063538,10,0.0
962,-3.6444160316074106,1.3873017307234838,0.014448448351736087,11,0.019188302375493797
963,-3.757514539855623,-1.7527743262046647,0.01632942817935194,13,0.0
964,-3.7244638027704644,-1.7505696132194721,0.015183402274649429,10,0.0
966,-3.7538330309412937,-1.7588987106433551,0.01702644360955118,9,0.0
966,-3.670873862215656,1.3648350810409982,0.01682004886352966,11,0.0
967,-3.7535752210258844,-1.7847890693200084,0.015167779002535516,12,0.0
968,-3.754157121786927,-1.7600823931929765,0.017255293024992815,10,0.0
969,-3.752533949062257,-1.7600554461148439,0.015544124635321902,9,0.002626364754309587
970,-3.7418776985420434,-1.7234325511059427,0.015822143783709556,10,0.0
971,-3.743774252485574,-1.7723667390261477,0.016432452944404378,12,0.024865297228999016
971,-3.66144484473023,1.3877720409570102,0.015724247286974382,11,0.0
972,-3.751330242718319,-1.7596551991035645,0.015335575777531784,10,0.0
972,-3.6583677439602176,1.3602138864291617,0.016761164602885226,11,0.022942783319172665
973,-3.7520356852464047,-1.7590881423383773,0.01607736254926694,10,0.0
974,-3.7549707904574645,-1.7594158895037801,0.017248599162570055,9,0.0
977,-3.6601415138753555,-1.7638805871220011,0.015500221050285133,16,0.0
978,-3.7424658558617416,-1.7457544243581653,0.016654263203438838,13,0.019734647016936134
979,-3.73477888739314,-1.759788421536432,0.01699034609358529,12,0.020966497573764693
982,-3.7472093295734545,-1.7746339949124812,0.01477555084611308,12,0.018740129598056918
982,-3.6631068051065556,1.3740920200895919,0.015350005298746578,9,0.0
983,-3.655421045657222,-1.755970481207849,0.016956401615420932,16,0.04804448099707257
985,-3.7237133817090924,-1.7478748530168402,0.017573030462540436,10,0.0
986,-3.7445911383061774,-1.724683683573177,0.01583466270942299,11,0.0
987,-3.7240405997485624,-1.7503705981723556,0.017576290032878413,10,0.0
988,-3.7529207030983684,-1.7599813901121815,0.016478589861430436,10,0.0019959208089920574
990,-3.6671739334954756,-1.758510336081545,0.015093092939837557,16,0.014752340721147408
991,-3.756676550358629,-1.76423162122009,0.016054912991512234,13,0.01712039522187059
991,-3.613923456823647,-1.7675954844717894,0.017477289182460595,3,0.0
992,-3.7531478960768636,-1.7605084778984454,0.015344204248891427,9,0.0
993,-3.753611117523441,-1.7681569886108033,0.015956436030142747,13,0.0204386625978494
994,-3.750807441285089,-1.7602062371667049,0.014795058710041076,10,0.0
995,-3.672762666832748,1.3655363441305788,0.016835021669524042,10,0.0
996,-3.757431141695003,-1.771831389386978,0.015497714328749673,13,0.01752186001140686
996,-3.6112259467068584,-1.7662767336818148,0.017474386468583136,4,0.0
996,-3.788304359699104,1.3648073301032975,0.015476698125900403,5,0.0
997,-3.7503582009204237,-1.7591937206570984,0.015269450092608694,9,0.0
997,-3.6718877509444585,1.3674305151738648,0.01633329959049701,10,0.0
998,-3.7446855177641885,-1.7729543420354374,0.015722289168922075,13,0.020653053610772566
998,-3.6664821723944936,1.3772797612384509,0.015733341367802654,10,0.0
1000,-3.6574357056540734,-1.7625753648264202,0.015495459461419238,16,0.0
1001,-3.7535781119214757,-1.752892467221837,0.015287568657285526,12,0.0013614129789922495
1002,-3.7522633850111697,-1.768102699204198,0.015763394116016287,13,0.018405939325400977
1004,-3.7547571795297507,-1.7689146524564952,0.015509054839741087,12,0.018553885527717466
1004,-3.619658598362273,-1.7617083587996252,0.017062298145464533,4,0.0
1007,-3.752643669237968,-1.7673026912815115,0.016224182077718405,12,0.021671842592031178
1009,-3.7576664487450944,-1.7524910391560775,0.016509062782843545,13,0.0015525302543457683
1009,-3.6640498866120335,1.3744450469371108,0.015356996303469045,9,0.0
1010,-3.723773794588237,-1.7542963408055177,0.015688331262783888,10,0.0
1011,-3.753782439783473,-1.7630503842283083,0.016039868139766794,12,0.018680897188172434
1012,-3.790549549064535,1.363476721577523,0.016640293567784764,5,0.0
1013,-3.752063181457345,-1.7591010337932342,0.01610369870452772,10,0.0
1013,-3.6645684266851237,1.375249460002828,0.0165275844590087,10,0.022690898137320944
1014,-3.7320043013205004,-1.73985097188443,0.016912823693261955,9,0.0
1016,-3.6487815157459824,-1.7584066426045064,0.01587491335078564,16,0.0
1018,-3.7557298457844137,-1.7650505884502117,0.01595803506783629,12,0.016670732317206692
1019,-3.758028848930331,-1.7533437504569611,0.015929169682651134,13,0.0
1020,-3.72528481168999,-1.7529397795654884,0.01505762551372861,10,0.0
1022,-3.722232125562639,-1.7495205710231172,0.01757403295545199,10,0.0
1023,-3.7558425333528,-1.7650750896685874,0.015601149467674375,12,0.01653586865937492
1023,-3.6177613619441864,-1.7607899096832056,0.01705332839748995,4,0.009472766497594425
1025,-3.721857873372863,-1.75156270658666,0.01670138214724593,10,0.0
1026,-3.7558018960190087,-1.7528840175649583,0.015490405349463231,9,0.0
1026,-3.66144484473023,1.3877720409570102,0.015724247286974382,11,0.0
1027,-3.7249825580276092,-1.7529720931456643,0.0162844518583903,10,0.0
1029,-3.7539835624169644,-1.7661287349696633,0.015892828110401946,13,0.023847248941816706
1030,-3.75239396378569,-1.7601663559008849,0.015490145641628357,9,0.0
1033,-3.7198441001217275,-1.7594963988280308,0.017128626926594864,11,0.0
1035,-3.7512242101679494,-1.7617044288174852,0.015522205540487275,13,0.02077771066135293
1036,-3.6878751861668704,-1.7539210407032322,0.016522785201252034,16,0.04340190638483456
1037,-3.7565026107368933,-1.7646385669862619,0.016352846443580166,13,0.01914417218526233
1038,-3.755824220874546,-1.7598204017388648,0.017199671816635603,12,0.0
1041,-3.748083546183695,-1.7653594795492982,0.014971836259786191,13,0.02049019344049456
1043,-3.7483093920884984,-1.767400506403273,0.015132952406816315,10,0.0
1043,-3.6504123465321245,1.3814282779015725,0.016766233026583827,9,0.01815812896998491
1045,-3.7563418056801954,-1.7626981767624708,0.01617089651538005,12,0.01698002899601708
1045,-3.6623889342738205,1.3881293522406237,0.015733871657445737,10,0.0
1046,-3.7231743977208724,-1.7521241885493948,0.016281547362748647,10,0.0
1047,-3.725848587828862,-1.751220793039036,0.017578987895240872,10,0.0
1049,-3.674654748887774,-1.7565397087590444,0.016364476806678685,13,0.014270170955183781
1049,-3.790505757357226,1.3697936718794304,0.016686539225274053,5,0.0
1050,-3.7549707904574645,-1.7594158895037801,0.017248599162570055,9,0.0
1052,-3.6739247022245514,1.3636659120076267,0.016919776363015965,10,0.0
1053,-3.755712109661365,-1.7597761230246547,0.017093176727005135,12,0.0
1056,-3.6419267348590045,1.3701795275872746,0.016720817550450594,11,0.028879639955468495
1058,-3.7537241530147507,-1.768327261302228,0.01633544986496178,13,0.0192416346488761
1058,-3.6663175354349344,1.3691066689083606,0.015712330053093033,9,0.0
1059,-3.727649843722767,-1.7496094557114075,0.016401327630672112,16,0.0
1061,-3.7470206238477575,-1.7745217593783018,0.014955834915992661,12,0.017689643417366334
1064,-3.786370081997956,1.3661238301049266,0.015229121242683684,5,0.0
1067,-3.7466663208865043,-1.7743648853725578,0.01585599575002456,13,0.018299594588732447
1068,-3.752261759025347,-1.7681053529084656,0.015961834628852062,13,0.01802027667923764
1071,-3.7554100130363595,-1.753014445773112,0.016009131019388056,13,0.00256927794372506
1073,-3.653137780962286,-1.7605069695145705,0.016686965106712633,16,0.0
1073,-3.662249719618134,1.3799582315499643,0.015714405771093027,9,0.0
1074,-3.749900876762242,-1.759780215182515,0.014792494792809082,9,0.0
1074,-3.6718152803537785,1.3651831128283651,0.01682430550449823,10,0.0
1075,-3.6344987503627575,-1.7558308825650064,0.016660232320278266,16,0.02158176421554382
1077,-3.751127333802877,-1.758662462621373,0.016072999543299896,9,0.0
1078,-3.75650034654045,-1.7523014693177266,0.017100671811480925,9,0.0
1079,-3.722232125562639,-1.7495205710231172,0.01757403295545199,10,0.0
1079,-3.8115051565267275,1.3835549683328958,0.015358728520722923,5,0.0
1082,-3.7524916781236253,-1.760038987816067,0.015516908077666003,9,0.002840579148869553
1083,-3.7489924845904468,-1.759354575959839,0.014789097659170162,10,0.0
1084,-3.752972924421198,-1.7595272598772027,0.016108489243737235,9,0.0
1085,-3.7343976184725873,-1.7331786897705488,0.01700631213316166,10,0.0
1086,-3.7500913570010237,-1.7723382826437848,0.01500955315109659,13,0.02351061824072933
1087,-3.7431977526471147,-1.7696877690898687,0.015786510541125613,13,0.0
1088,-3.6837353470947907,-1.7515036606150953,0.016025099794421745,13,0.0277062518161495
1089,-3.7557381938818355,-1.770746607375428,0.014580681341623996,13,0.014682746709453723
1089,-3.6130245480336574,-1.7671562364865447,0.017476576402557308,3,0.0
1089,-3.662249719618134,1.3799582315499643,0.015714405771093027,9,0.0
1090,-3.753712785185351,-1.7602043311749909,0.015926017643515162,9,0.0
1090,-3.7901062546650803,1.3674709409701753,0.015257437854036191,5,0.0
1091,-3.7248351501665646,-1.7538181680154297,0.016143017494629555,10,0.003673369467996703
1091,-3.7895669894683612,1.3694542556471918,0.016684279461780215,5,0.0
1092,-3.7556457615116896,-1.7706290633986936,0.015673171049686768,13,0.017999900877859076
1092,-3.6135370428547,-1.7674065119334799,0.017058175232999736,3,0.0
1092,-3.657480253260116,1.374041860089056,0.016423040897242686,10,0.026625486591884438
1092,-3.808667074539532,1.382522665625442,0.015338250570888525,5,0.0
1093,-3.7074300472590194,1.3539207506399111,0.01653607869387511,11,0.0
1093,-3.7895353894808013,1.3567379950243226,0.017010927316320146,4,0.0
1094,-3.7569094637015743,-1.7706878348116915,0.01607884539634525,13,0.01824857769668435
1095,-3.7555714063024315,-1.7699977199699417,0.015311114391873014,12,0.016455201738738896
1096,-3.755367810479531,-1.7527193893471646,0.015952318104889618,9,0.0
1097,-3.7193563997274413,-1.7592070798373594,0.016702065032890807,11,0.0
1098,-3.7574396858234635,-1.7722697342970888,0.015936142354118873,12,0.018407177075347544
1098,-3.634326923489056,1.3834368260773662,0.016702075275460943,9,0.0
1099,-3.7433044418703734,-1.7796269980853705,0.01729271624866118,13,0.0
1100,-3.726070294221204,-1.7557333422122083,0.016995495773505395,10,0.0
1101,-3.7459029657125154,-1.7821608782138376,0.015532413498009077,13,0.002731940223721827
1101,-3.6520167366455007,1.3820113946933912,0.016421526443723942,10,0.031604186285232795
1102,-3.752238452190271,-1.7600812544457747,0.015338828642318654,9,0.0
1103,-3.758453526266638,-1.770829502942115,0.016109233247266597,12,0.018083720909886657
1104,-3.7545092366922383,-1.7601066819958429,0.01660340104619617,9,0.0
1107,-3.7525897999928453,-1.767858550177727,0.01502543294377609,12,0.019407125515222685
1109,-3.7532283658996035,-1.7644832142440943,0.016172816454467494,10,0.004502507071640672
1111,-3.7540046288320816,-1.7693126176826317,0.014908352669706339,12,0.0168585398676305
1112,-3.7267541400206143,-1.7428433521600581,0.01744431058968571,10,0.013333817449131508
1113,-3.7450839164138925,-1.7689036737033148,0.01613657846944029,13,0.015836176844278287
1115,-3.728879806211228,-1.732711879064022,0.017313128463169278,9,0.0
1115,-3.664644174382797,1.3827703359296595,0.016823205719124004,11,0.02596671517348146
1116,-3.743686407868025,-1.7242675702035077,0.015830303945084712,10,0.0
1117,-3.755692855561891,-1.7631174855093255,0.016090186086559845,10,0.0
1118,-3.6829805068615333,-1.7638348006785636,0.016671109673539686,12,0.0
1118,-3.810557391477063,1.3832087359698855,0.015349617910277606,5,0.0
1122,-3.758029875045419,-1.7725580837381043,0.0157991311233204,13,0.017817176356882108
1124,-3.725858343597895,-1.7424089168611283,0.016345628846613926,9,0.0
1124,-3.6324700265454117,1.3827317754363855,0.016688425554210164,9,0.0
1125,-3.680992294993026,-1.7657157327551514,0.016209110214749235,13,0.0
1127,-3.733795024651974,-1.7372872770122276,0.01629066575923787,10,0.023371451838924143
1127,-3.6672715567324112,1.3715969064487694,0.01680735994974337,9,0.0
1129,-3.7588546207010367,-1.772167569848766,0.01498786618346033,13,0.01610580156071511
1130,-3.648294289878679,-1.7579087730048677,0.016402190048706543,16,0.02937450479594137
1133,-3.63339717305837,1.3830844640038296,0.016696518512518424,9,0.0
1134,-3.682025136359971,-1.7617560636469158,0.014807902381582281,12,0.0
1135,-3.651487122553863,-1.7597081476809509,0.015877754526220735,16,0.0
1135,-3.6378007176138967,1.3707440079957105,0.015618937997574404,10,0.0
1136,-3.7550642814510735,-1.7605091905653463,0.017258414006562934,9,0.0
1139,-3.7399196790854625,-1.778130795196099,0.016982719720618218,12,0.0
1140,-3.751255311727398,-1.7667840167350708,0.015511904394903749,13,0.0201091659870251
1140,-3.664997193740298,1.3747996584383875,0.015367915239074997,9,0.0
1142,-3.7615397065756646,-1.77220017554468,0.016580141050559334,12,0.019294867287758394
1142,-3.6182453784600677,-1.7610189472231155,0.017478342026399803,4,0.0
1143,-3.746527711023882,-1.7741015943452823,0.015496833642494677,13,0.022149096785739363
1144,-3.753443709361602,-1.7604813159565063,0.015548581118934847,9,0.0026283355946307976
1144,-3.8178659475572774,1.3713140011911535,0.01677844793790122,6,0.0
1148,-3.7470992400992,-1.7436906670870826,0.016074383128556698,10,0.022847811683919292
1149,-3.7244857986354423,-1.7526791300405389,0.0158688848006881,10,0.0
1150,-3.7449084998219124,-1.7615479486472614,0.015770387158152724,12,0.0
1150,-3.651725608054049,1.3778339002274396,0.016763312954877034,11,0.032801452248424984
1153,-3.7251098019833706,-1.754805217849996,0.015265926515445704,10,0.0
1154,-3.7553631364586018,-1.7610239798092786,0.015768971864678426,9,0.0
1155,-3.6600627249194977,1.3810389274103545,0.014496485471561585,11,0.026222333450218318
1156,-3.7539056340607395,-1.7841854786593485,0.014849675890875814,13,0.0
1157,-3.759394645876529,-1.7472725210588367,0.014774434333221193,9,0.0
1158,-3.70371026243199,-1.7637155665374258,0.016397396909759866,12,0.018781624124179115
1159,-3.751331118639725,-1.7596556784505926,0.015336426541831299,10,0.0
1160,-3.7574666181793868,-1.7722732028194885,0.01626729181480306,13,0.019220698816060998
1160,-3.7868979398149736,1.3640874270466556,0.017009077730357824,6,0.0
1162,-3.7287538503679505,-1.7491288646023013,0.016050473237770608,11,0.0
1164,-3.6718152803537785,1.3651831128283651,0.01682430550449823,10,0.0
1165,-3.753829207079128,-1.7588972008130863,0.01702281831295301,9,0.0
1165,-3.6555632975759593,1.3752587719407048,0.01563222197761284,10,0.027519725417044515
1167,-3.751634451239557,-1.7605805834830233,0.014717954073423968,9,0.0
1167,-3.6521994302992367,1.3780475979104483,0.01676816979176214,10,0.022164831432439754
1167,-3.7864873635795364,1.3661654970153851,0.017048661101627963,5,0.0
1168,-3.663037770667277,-1.7568902727167126,0.015551116236493596,16,0.017920818378173352
1169,-3.7536355047641736,-1.7679013495645965,0.01575345036696697,13,0.019640700091636022
1169,-3.638040284979778,1.384850353799277,0.01672920805237388,9,0.0
1170,-3.689581608685366,-1.7558900431819513,0.015457822473322922,16,0.04264407223544304
1171,-3.7215751205840615,-1.7601961869382259,0.01628385412043191,11,0.0
1173,-3.6605053641208727,1.3874160512677047,0.015719660838369464,10,0.0
1174,-3.722175787083061,-1.7515390193529277,0.015455262415439664,10,0.0
1174,-3.634326923489056,1.3834368260773662,0.016702075275460943,9,0.0
1176,-3.754997041530943,-1.7711353535846395,0.015662576739460025,12,0.017222630749381334
1177,-3.754902215093972,-1.7761558491390976,0.015261058112335357,13,0.01617703431924146
1179,-3.7558974553974678,-1.7529360694080949,0.015583562440644171,9,0.0
1179,-3.6361809420332203,1.3841440555161415,0.0167182842310322,9,0.0
1180,-3.7240788231206365,-1.7525463687873302,0.016283236217862915,10,0.0
1181,-3.72619599253981,-1.7473484143724685,0.015850547646566817,16,0.0021956359644647793
1182,-3.7502462939214403,-1.7582491474090884,0.016095828539065035,9,0.0
1183,-3.7495540113729207,-1.7668185841173263,0.015443504979923642,13,0.01919780009765159
1184,-3.6279197428014314,-1.7570374191344102,0.01748082493426481,16,0.009507916315078893
1185,-3.6306199684510294,-1.7583437987962283,0.01748411875592868,7,0.009513571272950208
1186,-3.7330782927876482,-1.7422610053001735,0.01518555677561348,16,0.0
1187,-3.7046149327551454,1.3528924048378403,0.016532489585490775,11,0.0
1188,-3.753829207079128,-1.7588972008130863,0.01702281831295301,9,0.0
1189,-3.757404309561584,-1.7659619393950428,0.016266249368954034,12,0.020104208004829458
1190,-3.753014828593184,-1.768481978991586,0.015892350576772553,12,0.01850217338009006
1191,-3.7520356852464047,-1.7590881423383773,0.01607736254926694,9,0.0
1192,-3.72804865622141,-1.7411507009640643,0.01748549205826578,11,0.0
1193,-3.7253900162964073,-1.7531049945730157,0.015869615735962985,10,0.0
1194,-3.7241078784059614,-1.7504023042216208,0.015563102585167136,10,0.0
1195,-3.7516945201338885,-1.7630167844275413,0.015031073427502652,13,0.017895235274502982
1197,-3.742620928594168,-1.7579960252498825,0.01600473583140596,10,0.021421178135621846
1197,-3.636524294186632,1.3842733727692516,0.014421957412312454,9,0.0
1199,-3.7250589342494314,-1.7531281633421507,0.017129987031975713,11,0.0
1200,-3.6924343788179685,-1.7482226121793774,0.017077487753300497,16,0.04610822843432401
